[
  {
    "value": "Australian A-League",
    "synonyms": [
      "Australian A-League",
      "AAL",
      "Australian League"
    ]
  },
  {
    "value": "Bundesliga 1",
    "synonyms": [
      "Bundesliga",
      "Bundesliga 1",
      "BL1"
    ]
  },
  {
    "value": "Bundesliga 2",
    "synonyms": [
      "Bundesliga 2",
      "BL2"
    ]
  },
  {
    "value": "Campeonato Brasileiro da Série A",
    "synonyms": [
      "Campeonato Brasileiro da Série A",
      "BSA"
    ]
  },
  {
    "value": "Champions League",
    "synonyms": [
      "Champions League",
      "CL"
    ]
  },
  {
    "value": "DFB-Pokal",
    "synonyms": [
      "DFB-Pokal",
      "German Cup",
      "DFB"
    ]
  },
  {
    "value": "EFL Championship",
    "synonyms": [
      "EFL Championship",
      "Championship",
      "ELC"
    ]
  },
  {
    "value": "Eredivisie",
    "synonyms": [
      "Eredivisie",
      "DED"
    ]
  },
  {
    "value": "La Liga",
    "synonyms": [
      "La Liga",
      "La Liga Santander",
      "Primera Division",
      "PD"
    ]
  },
  {
    "value": "League one",
    "synonyms": [
      "League one",
      "EFL League One",
      "EL1"
    ]
  },
  {
    "value": "League Two",
    "synonyms": [
      "League Two",
      "EFL League Two",
      "EL2"
    ]
  },
  {
    "value": "Ligue 1",
    "synonyms": [
      "Ligue 1",
      "France Ligue 1",
      "FL1"
    ]
  },
  {
    "value": "Ligue 2",
    "synonyms": [
      "Ligue 2",
      "France Ligue 2",
      "FL2"
    ]
  },
  {
    "value": "Serie A",
    "synonyms": [
      "Serie A",
      "SA"
    ]
  },
  {
    "value": "Serie B",
    "synonyms": [
      "Serie B",
      "SB"
    ]
  },
  {
    "value": "Premier League",
    "synonyms": [
      "Premier League",
      "PL"
    ]
  },
  {
    "value": "Primeira Liga",
    "synonyms": [
      "Primeira Liga",
      "Liga NOS",
      "PPL"
    ]
  }
]