[
  {
    "value": "Aaron Ramsey",
    "synonyms": [
      "Aaron Ramsey",
      "Ramsey"
    ]
  },
  {
    "value": "Achraf Hakimi",
    "synonyms": [
      "Achraf Hakimi",
      "Hakimi"
    ]
  },
  {
    "value": "Adam Lallana",
    "synonyms": [
      "Adam Lallana",
      "Lallana"
    ]
  },
  {
    "value": "Adam Ounas",
    "synonyms": [
      "Adam Ounas",
      "Ounas"
    ]
  },
  {
    "value": "Adama Diakhaby",
    "synonyms": [
      "Adama Diakhaby"
    ]
  },
  {
    "value": "Adama Traoré",
    "synonyms": [
      "Adama Traoré",
      "Adama Traore"
    ]
  },
  {
    "value": "Adil Rami",
    "synonyms": [
      "Adil Rami",
      "Rami"
    ]
  },
  {
    "value": "Adrien Rabiot",
    "synonyms": [
      "Adrien Rabiot",
      "Rabiot"
    ]
  },
  {
    "value": "Ainsley Maitland-Niles",
    "synonyms": [
      "Ainsley Maitland-Niles",
      "Ainsley Maitland Niles",
      "Maitland Niles"
    ]
  },
  {
    "value": "Alberto Moreno",
    "synonyms": [
      "Alberto Moreno",
      "Moreno"
    ]
  },
  {
    "value": "Aleix Vidal",
    "synonyms": [
      "Aleix Vidal"
    ]
  },
  {
    "value": "Aleksandar Kolarov",
    "synonyms": [
      "Aleksandar Kolarov",
      "Kolarov"
    ]
  },
  {
    "value": "Alessandro Florenzi",
    "synonyms": [
      "Alessandro Florenzi",
      "Florenzi"
    ]
  },
  {
    "value": "Alessio Romagnoli",
    "synonyms": [
      "Alessio Romagnoli",
      "Romagnoli"
    ]
  },
  {
    "value": "Alex Iwobi",
    "synonyms": [
      "Alex Iwobi",
      "Iwobi"
    ]
  },
  {
    "value": "Alex Oxlade-Chamberlain",
    "synonyms": [
      "Alex Oxlade-Chamberlain",
      "Alex Oxlade Chamberlain",
      "Oxlade Chamberlain"
    ]
  },
  {
    "value": "Alex Sandro",
    "synonyms": [
      "Alex Sandro",
      "Sandro"
    ]
  },
  {
    "value": "Alexander Isak",
    "synonyms": [
      "Alexander Isak",
      "Isak"
    ]
  },
  {
    "value": "Alexandre Lacazette",
    "synonyms": [
      "Alexandre Lacazette",
      "Lacazette"
    ]
  },
  {
    "value": "Alexis Sánchez",
    "synonyms": [
      "Alexis Sánchez",
      "Sánchez",
      "Alexis Sanchez",
      "Sanchez"
    ]
  },
  {
    "value": "Alisson",
    "synonyms": [
      "Alisson"
    ]
  },
  {
    "value": "Allan",
    "synonyms": [
      "Allan"
    ]
  },
  {
    "value": "Almamy Touré",
    "synonyms": [
      "Almamy Touré",
      "Almamy Toure"
    ]
  },
  {
    "value": "Alphonse Aréola",
    "synonyms": [
      "Alphonse Aréola",
      "Alphonse Areola",
      "Areola"
    ]
  },
  {
    "value": "Amadou Diawara",
    "synonyms": [
      "Amadou Diawara",
      "Diawara"
    ]
  },
  {
    "value": "Ander Herrera",
    "synonyms": [
      "Ander Herrera",
      "Herrera"
    ]
  },
  {
    "value": "Andrea Barzagli",
    "synonyms": [
      "Andrea Barzagli",
      "Barzagli"
    ]
  },
  {
    "value": "Andrea Conti",
    "synonyms": [
      "Andrea Conti"
    ]
  },
  {
    "value": "Andrea Pinamonti",
    "synonyms": [
      "Andrea Pinamonti",
      "Pinamonti"
    ]
  },
  {
    "value": "Andrea Raggi",
    "synonyms": [
      "Andrea Raggi",
      "Raggi"
    ]
  },
  {
    "value": "Andrea Ranocchia",
    "synonyms": [
      "Andrea Ranocchia",
      "Ranocchia"
    ]
  },
  {
    "value": "Andreas Christensen",
    "synonyms": [
      "Andreas Christensen",
      "Christensen"
    ]
  },
  {
    "value": "Andrew Robertson",
    "synonyms": [
      "Andrew Robertson",
      "Robertson"
    ]
  },
  {
    "value": "Andriy Yarmolenko",
    "synonyms": [
      "Andriy Yarmolenko",
      "Yarmolenko"
    ]
  },
  {
    "value": "André Gomes",
    "synonyms": [
      "André Gomes",
      "Gomes"
    ]
  },
  {
    "value": "André Schürrle",
    "synonyms": [
      "André Schürrle",
      "Andre Schurrle",
      "Schurrle"
    ]
  },
  {
    "value": "André Silva",
    "synonyms": [
      "André Silva",
      "Andre Silva"
    ]
  },
  {
    "value": "André Zambo Anguissa",
    "synonyms": [
      "André Zambo Anguissa",
      "Andre Zambo Anguissa",
      "Zambo Anguissa"
    ]
  },
  {
    "value": "Andrés Iniesta",
    "synonyms": [
      "Andrés Iniesta",
      "Andres Iniesta",
      "Iniesta"
    ]
  },
  {
    "value": "Anthony Martial",
    "synonyms": [
      "Anthony Martial",
      "Martial"
    ]
  },
  {
    "value": "Antoine Griezmann",
    "synonyms": [
      "Antoine Griezmann",
      "Griezmann"
    ]
  },
  {
    "value": "Antonio Candreva",
    "synonyms": [
      "Antonio Candreva",
      "Candreva"
    ]
  },
  {
    "value": "Antonio Donnarumma",
    "synonyms": [
      "Antonio Donnarumma"
    ]
  },
  {
    "value": "Antonio Rüdiger",
    "synonyms": [
      "Antonio Rüdiger",
      "Antonio Rudiger",
      "Rudiger"
    ]
  },
  {
    "value": "Antonio Valencia",
    "synonyms": [
      "Antonio Valencia",
      "Valencia"
    ]
  },
  {
    "value": "Arjen Robben",
    "synonyms": [
      "Arjen Robben",
      "Robben"
    ]
  },
  {
    "value": "Arkadiusz Milik",
    "synonyms": [
      "Arkadiusz Milik",
      "Milik"
    ]
  },
  {
    "value": "Arturo Vidal",
    "synonyms": [
      "Arturo Vidal",
      "Vidal"
    ]
  },
  {
    "value": "Ashley Young",
    "synonyms": [
      "Ashley Young",
      "Young"
    ]
  },
  {
    "value": "Assane Gnoukouri",
    "synonyms": [
      "Assane Gnoukouri",
      "Gnoukouri"
    ]
  },
  {
    "value": "Axel Werner",
    "synonyms": [
      "Axel Werner"
    ]
  },
  {
    "value": "Aymen Abdennour",
    "synonyms": [
      "Aymen Abdennour",
      "Abdennour"
    ]
  },
  {
    "value": "Aymeric Laporte",
    "synonyms": [
      "Aymeric Laporte",
      "Laporte"
    ]
  },
  {
    "value": "Bastian Schweinsteiger",
    "synonyms": [
      "Bastian Schweinsteiger",
      "Schweinsteiger"
    ]
  },
  {
    "value": "Ben Davies",
    "synonyms": [
      "Ben Davies"
    ]
  },
  {
    "value": "Ben Woodburn",
    "synonyms": [
      "Ben Woodburn",
      "Woodburn"
    ]
  },
  {
    "value": "Benedikt Höwedes",
    "synonyms": [
      "Benedikt Höwedes",
      "Benedikt Howedes",
      "Howedes"
    ]
  },
  {
    "value": "Benjamin Mendy",
    "synonyms": [
      "Benjamin Mendy",
      "Mendy"
    ]
  },
  {
    "value": "Bernardo Silva",
    "synonyms": [
      "Bernardo Silva"
    ]
  },
  {
    "value": "Blaise Matuidi",
    "synonyms": [
      "Blaise Matuidi",
      "Matuidi"
    ]
  },
  {
    "value": "Bogdan Lobont",
    "synonyms": [
      "Bogdan Lobont",
      "Lobont"
    ]
  },
  {
    "value": "Borja Mayoral",
    "synonyms": [
      "Borja Mayoral",
      "Mayoral"
    ]
  },
  {
    "value": "Borja Valero",
    "synonyms": [
      "Borja Valero"
    ]
  },
  {
    "value": "Boubacar Kamara",
    "synonyms": [
      "Boubacar Kamara"
    ]
  },
  {
    "value": "Bouna Sarr",
    "synonyms": [
      "Bouna Sarr"
    ]
  },
  {
    "value": "Bruno Peres",
    "synonyms": [
      "Bruno Peres"
    ]
  },
  {
    "value": "Calum Chambers",
    "synonyms": [
      "Calum Chambers"
    ]
  },
  {
    "value": "Cameron Borthwick-Jackson",
    "synonyms": [
      "Cameron Borthwick-Jackson",
      "Cameron Borthwick Jackson",
      "Borthwick Jackson"
    ]
  },
  {
    "value": "Carlo Pinsoglio",
    "synonyms": [
      "Carlo Pinsoglio",
      "Pinsoglio"
    ]
  },
  {
    "value": "Casemiro",
    "synonyms": [
      "Casemiro",
      "Carlos Henrique Casimiro"
    ]
  },
  {
    "value": "Cengiz Ünder",
    "synonyms": [
      "Cengiz Ünder",
      "Cengiz Under"
    ]
  },
  {
    "value": "Cesc Fàbregas",
    "synonyms": [
      "Cesc Fàbregas",
      "Cesc Fabregas"
    ]
  },
  {
    "value": "Chris Smalling",
    "synonyms": [
      "Chris Smalling",
      "Smalling"
    ]
  },
  {
    "value": "Christian Eriksen",
    "synonyms": [
      "Christian Eriksen",
      "Eriksen"
    ]
  },
  {
    "value": "Christian Früchtl",
    "synonyms": [
      "Christian Früchtl",
      "Christian Fruchtl",
      "Fruchtl"
    ]
  },
  {
    "value": "Christian Maggio",
    "synonyms": [
      "Christian Maggio",
      "Maggio"
    ]
  },
  {
    "value": "Christian Pulisic",
    "synonyms": [
      "Christian Pulisic",
      "Pulisic"
    ]
  },
  {
    "value": "Christopher Nkunku",
    "synonyms": [
      "Christopher Nkunku",
      "Nkunku"
    ]
  },
  {
    "value": "Christopher Rocchia",
    "synonyms": [
      "Christopher Rocchia",
      "Rocchia"
    ]
  },
  {
    "value": "Ciro Immobile",
    "synonyms": [
      "Ciro Immobile",
      "Immobile"
    ]
  },
  {
    "value": "Claudio Bravo",
    "synonyms": [
      "Claudio Bravo",
      "Bravo"
    ]
  },
  {
    "value": "Claudio Marchisio",
    "synonyms": [
      "Claudio Marchisio",
      "Marchisio"
    ]
  },
  {
    "value": "Clinton N\u0027Jie",
    "synonyms": [
      "Clinton N\u0027Jie",
      "Clinton NJie",
      "NJie"
    ]
  },
  {
    "value": "Clément Lenglet",
    "synonyms": [
      "Clément Lenglet",
      "Clement Lenglet",
      "Lenglet"
    ]
  },
  {
    "value": "Corentin Tolisso",
    "synonyms": [
      "Corentin Tolisso",
      "Tolisso"
    ]
  },
  {
    "value": "Cristiano Ronaldo",
    "synonyms": [
      "Cristiano Ronaldo",
      "Ronaldo",
      "Cristiano"
    ]
  },
  {
    "value": "Cristián Zapata",
    "synonyms": [
      "Cristián Zapata",
      "Cristian Zapata"
    ]
  },
  {
    "value": "César Azpilicueta",
    "synonyms": [
      "César Azpilicueta",
      "Cesar Azpilicueta",
      "Azpilicueta"
    ]
  },
  {
    "value": "Dalbert",
    "synonyms": [
      "Dalbert"
    ]
  },
  {
    "value": "Daley Blind",
    "synonyms": [
      "Daley Blind",
      "Blind"
    ]
  },
  {
    "value": "Dan-Axel Zagadou",
    "synonyms": [
      "Dan-Axel Zagadou",
      "Dan Axel Zagadou",
      "Zagadou",
      "Dan Axel"
    ]
  },
  {
    "value": "Dani Alves",
    "synonyms": [
      "Dani Alves",
      "Alves"
    ]
  },
  {
    "value": "Dani Ceballos",
    "synonyms": [
      "Dani Ceballos",
      "Ceballos"
    ]
  },
  {
    "value": "Daniel Carriço",
    "synonyms": [
      "Daniel Carriço",
      "Daniel Carrico",
      "Carrico"
    ]
  },
  {
    "value": "Daniel Carvajal",
    "synonyms": [
      "Daniel Carvajal",
      "Dani Carvajal",
      "Carvajal"
    ]
  },
  {
    "value": "Daniele De Rossi",
    "synonyms": [
      "Daniele De Rossi",
      "De Rossi"
    ]
  },
  {
    "value": "Daniele Padelli",
    "synonyms": [
      "Daniele Padelli",
      "Padelli"
    ]
  },
  {
    "value": "Daniele Rugani",
    "synonyms": [
      "Daniele Rugani",
      "Rugani"
    ]
  },
  {
    "value": "Danijel Subasic",
    "synonyms": [
      "Danijel Subasic",
      "Subasic"
    ]
  },
  {
    "value": "Danilo",
    "synonyms": [
      "Danilo"
    ]
  },
  {
    "value": "Danilo D\u0027Ambrosio",
    "synonyms": [
      "Danilo D\u0027Ambrosio",
      "D\u0027Ambrosio",
      "Dambrosio"
    ]
  },
  {
    "value": "Danny Drinkwater",
    "synonyms": [
      "Danny Drinkwater",
      "Drinkwater"
    ]
  },
  {
    "value": "Danny Ings",
    "synonyms": [
      "Danny Ings",
      "Ings"
    ]
  },
  {
    "value": "Danny Rose",
    "synonyms": [
      "Danny Rose"
    ]
  },
  {
    "value": "Danny Ward",
    "synonyms": [
      "Danny Ward"
    ]
  },
  {
    "value": "Danny Welbeck",
    "synonyms": [
      "Danny Welbeck",
      "Welbeck"
    ]
  },
  {
    "value": "David Alaba",
    "synonyms": [
      "David Alaba",
      "Alaba"
    ]
  },
  {
    "value": "David Beckham",
    "synonyms": [
      "David Beckham",
      "Beckham"
    ]
  },
  {
    "value": "David Luiz",
    "synonyms": [
      "David Luiz",
      "Luiz"
    ]
  },
  {
    "value": "David Ospina",
    "synonyms": [
      "David Ospina",
      "Ospina"
    ]
  },
  {
    "value": "David Silva",
    "synonyms": [
      "David Silva"
    ]
  },
  {
    "value": "David Soria",
    "synonyms": [
      "David Soria"
    ]
  },
  {
    "value": "David Villa",
    "synonyms": [
      "David Villa"
    ]
  },
  {
    "value": "David de Gea",
    "synonyms": [
      "David de Gea",
      "de Gea"
    ]
  },
  {
    "value": "Davide Calabria",
    "synonyms": [
      "Davide Calabria"
    ]
  },
  {
    "value": "Davide Santon",
    "synonyms": [
      "Davide Santon",
      "Santon"
    ]
  },
  {
    "value": "Davide Zappacosta",
    "synonyms": [
      "Davide Zappacosta",
      "Zappacosta"
    ]
  },
  {
    "value": "Davinson Sánchez",
    "synonyms": [
      "Davinson Sánchez",
      "Davinson Sanchez"
    ]
  },
  {
    "value": "Dejan Lovren",
    "synonyms": [
      "Dejan Lovren",
      "Lovren"
    ]
  },
  {
    "value": "Dele Alli",
    "synonyms": [
      "Dele Alli"
    ]
  },
  {
    "value": "Denis Suárez",
    "synonyms": [
      "Denis Suárez",
      "Denis Suarez"
    ]
  },
  {
    "value": "Diego Benaglio",
    "synonyms": [
      "Diego Benaglio",
      "Benaglio"
    ]
  },
  {
    "value": "Diego Costa",
    "synonyms": [
      "Diego Costa"
    ]
  },
  {
    "value": "Diego Godín",
    "synonyms": [
      "Diego Godín",
      "Godin"
    ]
  },
  {
    "value": "Diego Perotti",
    "synonyms": [
      "Diego Perotti",
      "Perotti"
    ]
  },
  {
    "value": "Dimitri Payet",
    "synonyms": [
      "Dimitri Payet",
      "Payet"
    ]
  },
  {
    "value": "Djibril Sidibé",
    "synonyms": [
      "Djibril Sidibé",
      "Djibril Sidibe",
      "Sidibe"
    ]
  },
  {
    "value": "Dominic Solanke",
    "synonyms": [
      "Dominic Solanke",
      "Solanke"
    ]
  },
  {
    "value": "Dominik Reimann",
    "synonyms": [
      "Dominik Reimann"
    ]
  },
  {
    "value": "Douglas Costa",
    "synonyms": [
      "Douglas Costa"
    ]
  },
  {
    "value": "Dries Mertens",
    "synonyms": [
      "Dries Mertens",
      "Mertens"
    ]
  },
  {
    "value": "Eden Hazard",
    "synonyms": [
      "Eden Hazard",
      "Hazard",
      "Eden Michael Hazard"
    ]
  },
  {
    "value": "Ederson",
    "synonyms": [
      "Ederson"
    ]
  },
  {
    "value": "Edin Dzeko",
    "synonyms": [
      "Edin Dzeko",
      "Dzeko"
    ]
  },
  {
    "value": "Edinson Cavani",
    "synonyms": [
      "Edinson Cavani",
      "Cavani"
    ]
  },
  {
    "value": "Eduardo",
    "synonyms": [
      "Eduardo",
      "Eduardo da Silva"
    ]
  },
  {
    "value": "Elio Capradossi",
    "synonyms": [
      "Elio Capradossi",
      "Capradossi"
    ]
  },
  {
    "value": "Elseid Hysaj",
    "synonyms": [
      "Elseid Hysaj",
      "Hysaj"
    ]
  },
  {
    "value": "Emerson",
    "synonyms": [
      "Emerson"
    ]
  },
  {
    "value": "Emre Can",
    "synonyms": [
      "Emre Can"
    ]
  },
  {
    "value": "Eric Bailly",
    "synonyms": [
      "Eric Bailly",
      "Bailly"
    ]
  },
  {
    "value": "Eric Dier",
    "synonyms": [
      "Eric Dier",
      "Dier"
    ]
  },
  {
    "value": "Erik Durm",
    "synonyms": [
      "Erik Durm",
      "Durm"
    ]
  },
  {
    "value": "Fabian Benko",
    "synonyms": [
      "Fabian Benko"
    ]
  },
  {
    "value": "Fabian Delph",
    "synonyms": [
      "Fabian Delph",
      "Delph"
    ]
  },
  {
    "value": "Fabinho",
    "synonyms": [
      "Fabinho",
      "Fábio Henrique Tavares",
      "Fabio Henrique Tavares"
    ]
  },
  {
    "value": "Fabio Borini",
    "synonyms": [
      "Fabio Borini",
      "Borini"
    ]
  },
  {
    "value": "Falcao",
    "synonyms": [
      "Falcao",
      "Radamel Falcao"
    ]
  },
  {
    "value": "Faouzi Ghoulam",
    "synonyms": [
      "Faouzi Ghoulam",
      "Ghoulam"
    ]
  },
  {
    "value": "Fábio Coentrão",
    "synonyms": [
      "Fábio Coentrão",
      "Fabio Coentrao",
      "Coentrao"
    ]
  },
  {
    "value": "Federico Bernardeschi",
    "synonyms": [
      "Federico Bernardeschi",
      "Bernardeschi"
    ]
  },
  {
    "value": "Federico Fazio",
    "synonyms": [
      "Federico Fazio",
      "Fazio"
    ]
  },
  {
    "value": "Felix Götze",
    "synonyms": [
      "Felix Götze",
      "Felix Gotze"
    ]
  },
  {
    "value": "Fernandinho",
    "synonyms": [
      "Fernandinho"
    ]
  },
  {
    "value": "Fernando Llorente",
    "synonyms": [
      "Fernando Llorente",
      "Llorente"
    ]
  },
  {
    "value": "Fernando Torres",
    "synonyms": [
      "Fernando Torres",
      "Torres"
    ]
  },
  {
    "value": "Filipe Luís",
    "synonyms": [
      "Filipe Luís",
      "Filipe Luis"
    ]
  },
  {
    "value": "Florian Escales",
    "synonyms": [
      "Florian Escales"
    ]
  },
  {
    "value": "Florian Thauvin",
    "synonyms": [
      "Florian Thauvin",
      "Thauvin"
    ]
  },
  {
    "value": "Franck Kessié",
    "synonyms": [
      "Franck Kessié",
      "Franck Kessie",
      "Kessie"
    ]
  },
  {
    "value": "Franck Ribéry",
    "synonyms": [
      "Franck Ribéry",
      "Franck Ribery",
      "Ribery"
    ]
  },
  {
    "value": "Franco Vázquez",
    "synonyms": [
      "Franco Vázquez",
      "Franco Vazquez"
    ]
  },
  {
    "value": "Gabi",
    "synonyms": [
      "Gabi",
      "Gabriel Fernández Arenas",
      "Gabriel Fernandez Arenas"
    ]
  },
  {
    "value": "Gabriel Boschilia",
    "synonyms": [
      "Gabriel Boschilia",
      "Boschilia"
    ]
  },
  {
    "value": "Gabriel Jesus",
    "synonyms": [
      "Gabriel Jesus"
    ]
  },
  {
    "value": "Gabriel Mercado",
    "synonyms": [
      "Gabriel Mercado"
    ]
  },
  {
    "value": "Ganso",
    "synonyms": [
      "Ganso",
      "Paulo Henrique Ganso"
    ]
  },
  {
    "value": "Gareth Bale",
    "synonyms": [
      "Gareth Bale",
      "Bale",
      "Gareth"
    ]
  },
  {
    "value": "Gary Cahill",
    "synonyms": [
      "Gary Cahill",
      "Cahill"
    ]
  },
  {
    "value": "Georginio Wijnaldum",
    "synonyms": [
      "Georginio Wijnaldum",
      "Wijnaldum"
    ]
  },
  {
    "value": "Gerard Deulofeu",
    "synonyms": [
      "Gerard Deulofeu",
      "Deulofeu"
    ]
  },
  {
    "value": "Gerard Piqué",
    "synonyms": [
      "Gerard Piqué",
      "Gerard Pique",
      "Pique"
    ]
  },
  {
    "value": "Gerson",
    "synonyms": [
      "Gerson",
      "Gerson Santos da Silva"
    ]
  },
  {
    "value": "Giacomo Bonaventura",
    "synonyms": [
      "Giacomo Bonaventura",
      "Bonaventura"
    ]
  },
  {
    "value": "Gianluigi Buffon",
    "synonyms": [
      "Gianluigi Buffon",
      "Gigi Buffon",
      "Buffon"
    ]
  },
  {
    "value": "Gianluigi Donnarumma",
    "synonyms": [
      "Gianluigi Donnarumma",
      "Donnarumma"
    ]
  },
  {
    "value": "Giorgio Chiellini",
    "synonyms": [
      "Giorgio Chiellini",
      "Chiellini"
    ]
  },
  {
    "value": "Giovani Lo Celso",
    "synonyms": [
      "Giovani Lo Celso",
      "Lo Celso"
    ]
  },
  {
    "value": "Giovani dos Santos",
    "synonyms": [
      "Giovani dos Santos",
      "dos Santos"
    ]
  },
  {
    "value": "Gonzalo Castro",
    "synonyms": [
      "Gonzalo Castro"
    ]
  },
  {
    "value": "Gonzalo Higuaín",
    "synonyms": [
      "Gonzalo Higuaín",
      "Gonzalo Higuain",
      "Higuain"
    ]
  },
  {
    "value": "Granit Xhaka",
    "synonyms": [
      "Granit Xhaka",
      "Xhaka"
    ]
  },
  {
    "value": "Grigoris Kastanos",
    "synonyms": [
      "Grigoris Kastanos",
      "Kastanos"
    ]
  },
  {
    "value": "Grégoire Defrel",
    "synonyms": [
      "Grégoire Defrel",
      "Gregoire Defrel",
      "Defrel"
    ]
  },
  {
    "value": "Grégory Sertic",
    "synonyms": [
      "Grégory Sertic",
      "Gregory Sertic",
      "Sertic"
    ]
  },
  {
    "value": "Guido Pizarro",
    "synonyms": [
      "Guido Pizarro"
    ]
  },
  {
    "value": "Guilherme Arana",
    "synonyms": [
      "Guilherme Arana",
      "Arana"
    ]
  },
  {
    "value": "Gustavo Gómez",
    "synonyms": [
      "Gustavo Gómez",
      "Gustavo Gomez"
    ]
  },
  {
    "value": "Hachim Mastour",
    "synonyms": [
      "Hachim Mastour",
      "Mastour"
    ]
  },
  {
    "value": "Hakan Calhanoglu",
    "synonyms": [
      "Hakan Calhanoglu",
      "Calhanoglu"
    ]
  },
  {
    "value": "Harry Kane",
    "synonyms": [
      "Harry Kane",
      "Kane",
      "Harry Edward Kane"
    ]
  },
  {
    "value": "Harry Winks",
    "synonyms": [
      "Harry Winks",
      "Winks"
    ]
  },
  {
    "value": "Hatem Ben Arfa",
    "synonyms": [
      "Hatem Ben Arfa",
      "Ben Arfa"
    ]
  },
  {
    "value": "Henri Bedimo",
    "synonyms": [
      "Henri Bedimo",
      "Bedimo"
    ]
  },
  {
    "value": "Henrikh Mkhitaryan",
    "synonyms": [
      "Henrikh Mkhitaryan",
      "Mkhitaryan"
    ]
  },
  {
    "value": "Heung-Min Son",
    "synonyms": [
      "Heung-Min Son",
      "Heung Min Son",
      "Heung Min",
      "Son"
    ]
  },
  {
    "value": "Hiroki Sakai",
    "synonyms": [
      "Hiroki Sakai"
    ]
  },
  {
    "value": "Hugo Lloris",
    "synonyms": [
      "Hugo Lloris",
      "Lloris"
    ]
  },
  {
    "value": "Héctor Bellerín",
    "synonyms": [
      "Héctor Bellerín",
      "Hector Bellerin",
      "Bellerin"
    ]
  },
  {
    "value": "Ignazio Abate",
    "synonyms": [
      "Ignazio Abate",
      "Abate"
    ]
  },
  {
    "value": "Iker Casillas",
    "synonyms": [
      "Iker Casillas",
      "Casillas"
    ]
  },
  {
    "value": "Ilkay Gündogan",
    "synonyms": [
      "Ilkay Gündogan",
      "Ilkay Gundogan",
      "Gundogan"
    ]
  },
  {
    "value": "Isco",
    "synonyms": [
      "Isco",
      "Francisco Román Alarcón Suárez",
      "Francisco Roman Alarcon Suarez"
    ]
  },
  {
    "value": "Ivan Perisic",
    "synonyms": [
      "Ivan Perisic",
      "Perisic"
    ]
  },
  {
    "value": "Ivan Rakitic",
    "synonyms": [
      "Ivan Rakitic",
      "Rakitic"
    ]
  },
  {
    "value": "Jack Wilshere",
    "synonyms": [
      "Jack Wilshere",
      "Wilshere"
    ]
  },
  {
    "value": "Jadon Sancho",
    "synonyms": [
      "Jadon Sancho",
      "Sancho"
    ]
  },
  {
    "value": "James Milner",
    "synonyms": [
      "James Milner",
      "Milner"
    ]
  },
  {
    "value": "James Rodríguez",
    "synonyms": [
      "James Rodríguez",
      "James Rodriguez",
      "Rodriguez"
    ]
  },
  {
    "value": "Jan Oblak",
    "synonyms": [
      "Jan Oblak",
      "Oblak"
    ]
  },
  {
    "value": "Jan Vertonghen",
    "synonyms": [
      "Jan Vertonghen",
      "Vertonghen"
    ]
  },
  {
    "value": "Jasper Cillessen",
    "synonyms": [
      "Jasper Cillessen",
      "Cillessen"
    ]
  },
  {
    "value": "Javi Martínez",
    "synonyms": [
      "Javi Martínez",
      "Javi Martinez",
      "Martinez"
    ]
  },
  {
    "value": "Javier Hernández",
    "synonyms": [
      "Javier Hernández",
      "Javier Hernandez",
      "Hernandez"
    ]
  },
  {
    "value": "Javier Mascherano",
    "synonyms": [
      "Javier Mascherano",
      "Mascherano"
    ]
  },
  {
    "value": "Javier Pastore",
    "synonyms": [
      "Javier Pastore",
      "Pastore"
    ]
  },
  {
    "value": "Jemerson",
    "synonyms": [
      "Jemerson"
    ]
  },
  {
    "value": "Jeremy Toljan",
    "synonyms": [
      "Jeremy Toljan",
      "Toljan"
    ]
  },
  {
    "value": "Jesse Lingard",
    "synonyms": [
      "Jesse Lingard",
      "Lingard"
    ]
  },
  {
    "value": "Jesús Navas",
    "synonyms": [
      "Jesús Navas",
      "Jesus Navas"
    ]
  },
  {
    "value": "Jesús Vallejo",
    "synonyms": [
      "Jesús Vallejo",
      "Jesus Vallejo",
      "Vallejo"
    ]
  },
  {
    "value": "Jherson Vergara",
    "synonyms": [
      "Jherson Vergara"
    ]
  },
  {
    "value": "Joaquín Correa",
    "synonyms": [
      "Joaquín Correa",
      "Joaquin Correa"
    ]
  },
  {
    "value": "Joe Gomez",
    "synonyms": [
      "Joe Gomez"
    ]
  },
  {
    "value": "Joel Matip",
    "synonyms": [
      "Joel Matip",
      "Matip"
    ]
  },
  {
    "value": "Joel Pereira",
    "synonyms": [
      "Joel Pereira"
    ]
  },
  {
    "value": "Johannes Geis",
    "synonyms": [
      "Johannes Geis",
      "Geis"
    ]
  },
  {
    "value": "John Stones",
    "synonyms": [
      "John Stones"
    ]
  },
  {
    "value": "Jonathan Silva",
    "synonyms": [
      "Jonathan Silva"
    ]
  },
  {
    "value": "Jordan Amavi",
    "synonyms": [
      "Jordan Amavi",
      "Amavi"
    ]
  },
  {
    "value": "Jordan Henderson",
    "synonyms": [
      "Jordan Henderson",
      "Henderson"
    ]
  },
  {
    "value": "Jordi Alba",
    "synonyms": [
      "Jordi Alba",
      "Alba"
    ]
  },
  {
    "value": "Jordi Mboula",
    "synonyms": [
      "Jordi Mboula",
      "Mboula"
    ]
  },
  {
    "value": "Jorge",
    "synonyms": [
      "Jorge"
    ]
  },
  {
    "value": "Jorginho",
    "synonyms": [
      "Jorginho"
    ]
  },
  {
    "value": "Joshua Kimmich",
    "synonyms": [
      "Joshua Kimmich",
      "Kimmich"
    ]
  },
  {
    "value": "José Callejón",
    "synonyms": [
      "José Callejón",
      "Jose Callejon",
      "Callejon"
    ]
  },
  {
    "value": "José Giménez",
    "synonyms": [
      "José Giménez",
      "Jose Gimenez",
      "Gimenez"
    ]
  },
  {
    "value": "José Mauri",
    "synonyms": [
      "José Mauri",
      "Jose Mauri"
    ]
  },
  {
    "value": "João Cancelo",
    "synonyms": [
      "João Cancelo",
      "Joao Cancelo",
      "Cancelo"
    ]
  },
  {
    "value": "João Moutinho",
    "synonyms": [
      "João Moutinho",
      "Joao Moutinho",
      "Moutinho"
    ]
  },
  {
    "value": "Juan Bernat",
    "synonyms": [
      "Juan Bernat",
      "Bernat"
    ]
  },
  {
    "value": "Juan Cuadrado",
    "synonyms": [
      "Juan Cuadrado",
      "Cuadrado"
    ]
  },
  {
    "value": "Juan Foyth",
    "synonyms": [
      "Juan Foyth",
      "Foyth"
    ]
  },
  {
    "value": "Juan Jesus",
    "synonyms": [
      "Juan Jesus"
    ]
  },
  {
    "value": "Juan Mata",
    "synonyms": [
      "Juan Mata",
      "Mata"
    ]
  },
  {
    "value": "Juanfran",
    "synonyms": [
      "Juanfran"
    ]
  },
  {
    "value": "Julian Draxler",
    "synonyms": [
      "Julian Draxler",
      "Draxler"
    ]
  },
  {
    "value": "Julian Weigl",
    "synonyms": [
      "Julian Weigl",
      "Weigl"
    ]
  },
  {
    "value": "Julien Serrano",
    "synonyms": [
      "Julien Serrano"
    ]
  },
  {
    "value": "Jérôme Boateng",
    "synonyms": [
      "Jérôme Boateng",
      "Jerome Boateng",
      "Boateng"
    ]
  },
  {
    "value": "Kalidou Koulibaly",
    "synonyms": [
      "Kalidou Koulibaly",
      "Koulibaly"
    ]
  },
  {
    "value": "Kamil Glik",
    "synonyms": [
      "Kamil Glik",
      "Glik"
    ]
  },
  {
    "value": "Karim Bellarabi",
    "synonyms": [
      "Karim Bellarabi",
      "Bellarabi"
    ]
  },
  {
    "value": "Karim Benzema",
    "synonyms": [
      "Karim Benzema",
      "Benzema",
      "Karim Mostafa Benzema"
    ]
  },
  {
    "value": "Keita Baldé",
    "synonyms": [
      "Keita Baldé",
      "Keita Blade"
    ]
  },
  {
    "value": "Kevin De Bruyne",
    "synonyms": [
      "Kevin De Bruyne",
      "De Bruyne"
    ]
  },
  {
    "value": "Kevin Strootman",
    "synonyms": [
      "Kevin Strootman",
      "Strootman"
    ]
  },
  {
    "value": "Kevin Trapp",
    "synonyms": [
      "Kevin Trapp",
      "Trapp"
    ]
  },
  {
    "value": "Keylor Navas",
    "synonyms": [
      "Keylor Navas",
      "Navas"
    ]
  },
  {
    "value": "Kieran Trippier",
    "synonyms": [
      "Kieran Trippier",
      "Trippier"
    ]
  },
  {
    "value": "Kiko Casilla",
    "synonyms": [
      "Kiko Casilla",
      "Casilla"
    ]
  },
  {
    "value": "Kingsley Coman",
    "synonyms": [
      "Kingsley Coman",
      "Coman"
    ]
  },
  {
    "value": "Koke",
    "synonyms": [
      "Koke",
      "Jorge Resurrección Merodio",
      "Jorge Resurreccion Merodio"
    ]
  },
  {
    "value": "Konstantinos Manolas",
    "synonyms": [
      "Konstantinos Manolas",
      "Kostas Manolas",
      "Manolas"
    ]
  },
  {
    "value": "Konstantinos Mavropanos",
    "synonyms": [
      "Konstantinos Mavropanos",
      "Mavropanos"
    ]
  },
  {
    "value": "Konstantinos Mitroglou",
    "synonyms": [
      "Konstantinos Mitroglou",
      "Mitroglou"
    ]
  },
  {
    "value": "Kurt Zouma",
    "synonyms": [
      "Kurt Zouma",
      "Zouma"
    ]
  },
  {
    "value": "Kwadwo Asamoah",
    "synonyms": [
      "Kwadwo Asamoah",
      "Asamoah"
    ]
  },
  {
    "value": "Kwasi Okyere Wriedt",
    "synonyms": [
      "Kwasi Okyere Wriedt",
      "Okyere Wriedt",
      "Wriedt"
    ]
  },
  {
    "value": "Kyle Walker",
    "synonyms": [
      "Kyle Walker"
    ]
  },
  {
    "value": "Kyle Walker-Peters",
    "synonyms": [
      "Kyle Walker-Peters",
      "Kyle Walker Peters",
      "Walker Peters"
    ]
  },
  {
    "value": "Kylian Mbappé",
    "synonyms": [
      "Kylian Mbappé",
      "Kylian Mbappe",
      "Mbappe"
    ]
  },
  {
    "value": "Kévin Gameiro",
    "synonyms": [
      "Kévin Gameiro",
      "Kevin Gameiro",
      "Gameiro"
    ]
  },
  {
    "value": "Kévin N\u0027Doram",
    "synonyms": [
      "Kévin N\u0027Doram",
      "Kevin N\u0027Doram"
    ]
  },
  {
    "value": "Lassana Diarra",
    "synonyms": [
      "Lassana Diarra",
      "Diarra"
    ]
  },
  {
    "value": "Laurent Koscielny",
    "synonyms": [
      "Laurent Koscielny",
      "Koscielny"
    ]
  },
  {
    "value": "Layvin Kurzawa",
    "synonyms": [
      "Layvin Kurzawa",
      "Kurzawa"
    ]
  },
  {
    "value": "Leandrinho",
    "synonyms": [
      "Leandrinho",
      "Leandro Henrique do Nascimento"
    ]
  },
  {
    "value": "Leon Goretzka",
    "synonyms": [
      "Leon Goretzka",
      "Goretzka"
    ]
  },
  {
    "value": "Leonardo Bonucci",
    "synonyms": [
      "Leonardo Bonucci",
      "Bonucci"
    ]
  },
  {
    "value": "Leroy Sané",
    "synonyms": [
      "Leroy Sané",
      "Leroy Sane",
      "Sane"
    ]
  },
  {
    "value": "Lionel Carole",
    "synonyms": [
      "Lionel Carole"
    ]
  },
  {
    "value": "Lionel Messi",
    "synonyms": [
      "Lionel Messi",
      "Messi",
      "Leo Messi",
      "Lionel Andrés Messi Cuccittini",
      "Lionel Andres Messi Cuccittini"
    ]
  },
  {
    "value": "Lisandro López",
    "synonyms": [
      "Lisandro López",
      "Lisandro Lopez"
    ]
  },
  {
    "value": "Lorenzo Insigne",
    "synonyms": [
      "Lorenzo Insigne",
      "Insigne"
    ]
  },
  {
    "value": "Lorenzo Pellegrini",
    "synonyms": [
      "Lorenzo Pellegrini"
    ]
  },
  {
    "value": "Lorenzo Tonelli",
    "synonyms": [
      "Lorenzo Tonelli",
      "Tonelli"
    ]
  },
  {
    "value": "Loris Karius",
    "synonyms": [
      "Loris Karius",
      "Karius"
    ]
  },
  {
    "value": "Loïc Badiashile",
    "synonyms": [
      "Loïc Badiashile",
      "Loic Badiashile",
      "Badiashile"
    ]
  },
  {
    "value": "Luca Antonelli",
    "synonyms": [
      "Luca Antonelli",
      "Antonelli"
    ]
  },
  {
    "value": "Lucas",
    "synonyms": [
      "Lucas",
      "Lucas Moura",
      "Lucas Rodrigues Moura da Silva"
    ]
  },
  {
    "value": "Lucas Biglia",
    "synonyms": [
      "Lucas Biglia",
      "Biglia"
    ]
  },
  {
    "value": "Lucas Digne",
    "synonyms": [
      "Lucas Digne",
      "Digne"
    ]
  },
  {
    "value": "Lucas Hernández",
    "synonyms": [
      "Lucas Hernández",
      "Lucas Hernandez"
    ]
  },
  {
    "value": "Lucas Ocampos",
    "synonyms": [
      "Lucas Ocampos",
      "Ocampos"
    ]
  },
  {
    "value": "Lucas Vázquez",
    "synonyms": [
      "Lucas Vázquez",
      "Lucas Vazquez",
      "Vazquez"
    ]
  },
  {
    "value": "Luigi Sepe",
    "synonyms": [
      "Luigi Sepe"
    ]
  },
  {
    "value": "Luis Muriel",
    "synonyms": [
      "Luis Muriel",
      "Muriel"
    ]
  },
  {
    "value": "Luis Suárez",
    "synonyms": [
      "Luis Suárez",
      "Luis Suarez",
      "Luis Alberto Suárez Díaz",
      "Luis Alberto Suarez Diaz"
    ]
  },
  {
    "value": "Luiz Gustavo",
    "synonyms": [
      "Luiz Gustavo"
    ]
  },
  {
    "value": "Luka Modric",
    "synonyms": [
      "Luka Modric",
      "Modric"
    ]
  },
  {
    "value": "Lukasz Piszczek",
    "synonyms": [
      "Lukasz Piszczek",
      "Piszczek"
    ]
  },
  {
    "value": "Lukasz Skorupski",
    "synonyms": [
      "Lukasz Skorupski",
      "Skorupski"
    ]
  },
  {
    "value": "Luke Shaw",
    "synonyms": [
      "Luke Shaw",
      "Shaw"
    ]
  },
  {
    "value": "Mahmoud Dahoud",
    "synonyms": [
      "Mahmoud Dahoud",
      "Dahoud"
    ]
  },
  {
    "value": "Manuel Akanji",
    "synonyms": [
      "Manuel Akanji",
      "Akanji"
    ]
  },
  {
    "value": "Manuel Locatelli",
    "synonyms": [
      "Manuel Locatelli",
      "Locatelli"
    ]
  },
  {
    "value": "Manuel Neuer",
    "synonyms": [
      "Manuel Neuer",
      "Neuer"
    ]
  },
  {
    "value": "Marc Bartra",
    "synonyms": [
      "Marc Bartra",
      "Bartra"
    ]
  },
  {
    "value": "Marc-André ter Stegen",
    "synonyms": [
      "Marc-André ter Stegen",
      "Marc Andre ter Stegen",
      "ter Stegen"
    ]
  },
  {
    "value": "Marcel Schmelzer",
    "synonyms": [
      "Marcel Schmelzer",
      "Schmelzer"
    ]
  },
  {
    "value": "Marcelo",
    "synonyms": [
      "Marcelo"
    ]
  },
  {
    "value": "Marcelo Brozovic",
    "synonyms": [
      "Marcelo Brozovic",
      "Brozovic"
    ]
  },
  {
    "value": "Marco Asensio",
    "synonyms": [
      "Marco Asensio",
      "Asensio"
    ]
  },
  {
    "value": "Marco Reus",
    "synonyms": [
      "Marco Reus",
      "Reus"
    ]
  },
  {
    "value": "Marco Storari",
    "synonyms": [
      "Marco Storari",
      "Storari"
    ]
  },
  {
    "value": "Marco Verratti",
    "synonyms": [
      "Marco Verratti",
      "Verratti"
    ]
  },
  {
    "value": "Marcos Alonso",
    "synonyms": [
      "Marcos Alonso"
    ]
  },
  {
    "value": "Marcos Llorente",
    "synonyms": [
      "Marcos Llorente"
    ]
  },
  {
    "value": "Marcos Rojo",
    "synonyms": [
      "Marcos Rojo",
      "Rojo"
    ]
  },
  {
    "value": "Marcus Rashford",
    "synonyms": [
      "Marcus Rashford",
      "Rashford"
    ]
  },
  {
    "value": "Marek Hamsik",
    "synonyms": [
      "Marek Hamsik",
      "Hamsik"
    ]
  },
  {
    "value": "Mario Götze",
    "synonyms": [
      "Mario Götze",
      "Mario Gotze",
      "Gotze"
    ]
  },
  {
    "value": "Mario Mandzukic",
    "synonyms": [
      "Mario Mandzukic",
      "Mandzukic"
    ]
  },
  {
    "value": "Marko Pjaca",
    "synonyms": [
      "Marko Pjaca",
      "Pjaca"
    ]
  },
  {
    "value": "Marko Rog",
    "synonyms": [
      "Marko Rog"
    ]
  },
  {
    "value": "Marouane Fellaini",
    "synonyms": [
      "Marouane Fellaini",
      "Fellaini"
    ]
  },
  {
    "value": "Marquinhos",
    "synonyms": [
      "Marquinhos",
      "Marcos Aoás Corrêa",
      "Marcos Aoas Correa"
    ]
  },
  {
    "value": "Matej Delac",
    "synonyms": [
      "Matej Delac",
      "Delac"
    ]
  },
  {
    "value": "Mateo Kovacic",
    "synonyms": [
      "Mateo Kovacic",
      "Kovacic"
    ]
  },
  {
    "value": "Mateo Musacchio",
    "synonyms": [
      "Mateo Musacchio",
      "Musacchio"
    ]
  },
  {
    "value": "Matheus Pereira",
    "synonyms": [
      "Matheus Pereira"
    ]
  },
  {
    "value": "Mats Hummels",
    "synonyms": [
      "Mats Hummels",
      "Hummels"
    ]
  },
  {
    "value": "Matt Macey",
    "synonyms": [
      "Matt Macey"
    ]
  },
  {
    "value": "Matteo Darmian",
    "synonyms": [
      "Matteo Darmian",
      "Darmian"
    ]
  },
  {
    "value": "Matteo Gabbia",
    "synonyms": [
      "Matteo Gabbia",
      "Gabbia"
    ]
  },
  {
    "value": "Mattia De Sciglio",
    "synonyms": [
      "Mattia De Sciglio",
      "De Sciglio"
    ]
  },
  {
    "value": "Matías Vecino",
    "synonyms": [
      "Matías Vecino",
      "Matias Vecino",
      "Vecino"
    ]
  },
  {
    "value": "Mauro Icardi",
    "synonyms": [
      "Mauro Icardi",
      "Icardi"
    ]
  },
  {
    "value": "Maxime Gonalons",
    "synonyms": [
      "Maxime Gonalons",
      "Gonalons"
    ]
  },
  {
    "value": "Maxime López",
    "synonyms": [
      "Maxime López",
      "Maxime Lopez"
    ]
  },
  {
    "value": "Maximilian Philipp",
    "synonyms": [
      "Maximilian Philipp",
      "Philipp"
    ]
  },
  {
    "value": "Medhi Benatia",
    "synonyms": [
      "Medhi Benatia",
      "Benatia"
    ]
  },
  {
    "value": "Mesut Özil",
    "synonyms": [
      "Mesut Özil",
      "Mesut Ozil",
      "Ozil"
    ]
  },
  {
    "value": "Michael Carrick",
    "synonyms": [
      "Michael Carrick",
      "Carrick"
    ]
  },
  {
    "value": "Michel Vorm",
    "synonyms": [
      "Michel Vorm",
      "Vorm"
    ]
  },
  {
    "value": "Michy Batshuayi",
    "synonyms": [
      "Michy Batshuayi",
      "Batshuayi"
    ]
  },
  {
    "value": "Miguel Layún",
    "synonyms": [
      "Miguel Layún",
      "Miguel Layun",
      "Layun"
    ]
  },
  {
    "value": "Miguel Ángel Moyà",
    "synonyms": [
      "Miguel Ángel Moyà",
      "Miguel Angel Moya",
      "Angel Moya"
    ]
  },
  {
    "value": "Milan Skriniar",
    "synonyms": [
      "Milan Skriniar",
      "Skriniar"
    ]
  },
  {
    "value": "Miralem Pjanic",
    "synonyms": [
      "Miralem Pjanic",
      "Pjanic"
    ]
  },
  {
    "value": "Miranda",
    "synonyms": [
      "Miranda",
      "João Miranda",
      "Joao Miranda"
    ]
  },
  {
    "value": "Mohamed Elneny",
    "synonyms": [
      "Mohamed Elneny",
      "Elneny"
    ]
  },
  {
    "value": "Mohamed Salah",
    "synonyms": [
      "Mohamed Salah",
      "Salah"
    ]
  },
  {
    "value": "Morgan Sanson",
    "synonyms": [
      "Morgan Sanson",
      "Sanson"
    ]
  },
  {
    "value": "Mousa Dembélé",
    "synonyms": [
      "Mousa Dembélé",
      "Mousa Dembele"
    ]
  },
  {
    "value": "Moussa Sissoko",
    "synonyms": [
      "Moussa Sissoko",
      "Sissoko"
    ]
  },
  {
    "value": "Mário Rui",
    "synonyms": [
      "Mário Rui",
      "Mario Rui"
    ]
  },
  {
    "value": "N\u0027Golo Kanté",
    "synonyms": [
      "N\u0027Golo Kanté",
      "N\u0027Golo Kante",
      "Kante"
    ]
  },
  {
    "value": "Nacho Fernández",
    "synonyms": [
      "Nacho Fernández",
      "Nacho Fernandez",
      "Nacho"
    ]
  },
  {
    "value": "Nacho Monreal",
    "synonyms": [
      "Nacho Monreal",
      "Monreal"
    ]
  },
  {
    "value": "Nathaniel Clyne",
    "synonyms": [
      "Nathaniel Clyne",
      "Clyne"
    ]
  },
  {
    "value": "Nemanja Matic",
    "synonyms": [
      "Nemanja Matic",
      "Matic"
    ]
  },
  {
    "value": "Neymar",
    "synonyms": [
      "Neymar",
      "Neymar da Silva Santos Júnior",
      "Neymar da Silva Santos Junior"
    ]
  },
  {
    "value": "Nico Gaitán",
    "synonyms": [
      "Nico Gaitán",
      "Nico Gaitan",
      "Nicolás Gaitán",
      "Nicolas Gaitan",
      "Gaitan"
    ]
  },
  {
    "value": "Nicolás Otamendi",
    "synonyms": [
      "Nicolás Otamendi",
      "Nicolas Otamendi",
      "Otamendi"
    ]
  },
  {
    "value": "Nicolás Pareja",
    "synonyms": [
      "Nicolás Pareja",
      "Nicolas Pareja",
      "Pareja"
    ]
  },
  {
    "value": "Niklas Dorsch",
    "synonyms": [
      "Niklas Dorsch"
    ]
  },
  {
    "value": "Niklas Süle",
    "synonyms": [
      "Niklas Süle",
      "Niklas Sule"
    ]
  },
  {
    "value": "Nikola Kalinic",
    "synonyms": [
      "Nikola Kalinic",
      "Kalinic"
    ]
  },
  {
    "value": "Nnamdi Oduamadi",
    "synonyms": [
      "Nnamdi Oduamadi",
      "Oduamadi"
    ]
  },
  {
    "value": "Nolito",
    "synonyms": [
      "Nolito",
      "Manuel Agudo Durán",
      "Manuel Agudo Duran"
    ]
  },
  {
    "value": "Nuri Sahin",
    "synonyms": [
      "Nuri Sahin",
      "Sahin"
    ]
  },
  {
    "value": "Nélson Semedo",
    "synonyms": [
      "Nélson Semedo",
      "Nelson Semedo",
      "Semedo"
    ]
  },
  {
    "value": "Oleksandr Zinchenko",
    "synonyms": [
      "Oleksandr Zinchenko",
      "Zinchenko"
    ]
  },
  {
    "value": "Olivier Giroud",
    "synonyms": [
      "Olivier Giroud",
      "Giroud"
    ]
  },
  {
    "value": "Ousmane Dembélé",
    "synonyms": [
      "Ousmane Dembélé",
      "Ousmane Dembele",
      "Dembele"
    ]
  },
  {
    "value": "Pablo Sarabia",
    "synonyms": [
      "Pablo Sarabia",
      "Sarabia"
    ]
  },
  {
    "value": "Paco Alcácer",
    "synonyms": [
      "Paco Alcácer",
      "Paco Alcacer",
      "Alcacer"
    ]
  },
  {
    "value": "Patrick Cutrone",
    "synonyms": [
      "Patrick Cutrone",
      "Cutrone"
    ]
  },
  {
    "value": "Patrik Schick",
    "synonyms": [
      "Patrik Schick"
    ]
  },
  {
    "value": "Paul Pogba",
    "synonyms": [
      "Paul Pogba",
      "Pogba",
      "Paul Labile Pogba"
    ]
  },
  {
    "value": "Paulinho",
    "synonyms": [
      "Paulinho",
      "José Paulo Bezerra Maciel Júnior",
      "Jose Paulo Bezerra Maciel Junior"
    ]
  },
  {
    "value": "Paulo Dybala",
    "synonyms": [
      "Paulo Dybala",
      "Dybala",
      "Paulo Bruno Exequiel Dybala"
    ]
  },
  {
    "value": "Paulo Gazzaniga",
    "synonyms": [
      "Paulo Gazzaniga",
      "Gazzaniga"
    ]
  },
  {
    "value": "Pedro",
    "synonyms": [
      "Pedro",
      "Pedro Eliezer"
    ]
  },
  {
    "value": "Pepe",
    "synonyms": [
      "Pepe",
      "Kepler Laveran de Lima Ferreira"
    ]
  },
  {
    "value": "Pepe Reina",
    "synonyms": [
      "Pepe Reina",
      "Reina"
    ]
  },
  {
    "value": "Per Mertesacker",
    "synonyms": [
      "Per Mertesacker",
      "Mertesacker"
    ]
  },
  {
    "value": "Petr Cech",
    "synonyms": [
      "Petr Cech",
      "Cech"
    ]
  },
  {
    "value": "Phil Jones",
    "synonyms": [
      "Phil Jones"
    ]
  },
  {
    "value": "Philipp Lahm",
    "synonyms": [
      "Philipp Lahm",
      "Lahm"
    ]
  },
  {
    "value": "Philippe Coutinho",
    "synonyms": [
      "Philippe Coutinho",
      "Coutinho"
    ]
  },
  {
    "value": "Pierre-Emerick Aubameyang",
    "synonyms": [
      "Pierre-Emerick Aubameyang",
      "Aubameyang"
    ]
  },
  {
    "value": "Pietro Pellegri",
    "synonyms": [
      "Pietro Pellegri",
      "Pellegri"
    ]
  },
  {
    "value": "Piotr Zielinski",
    "synonyms": [
      "Piotr Zielinski",
      "Zielinski"
    ]
  },
  {
    "value": "Presnel Kimpembe",
    "synonyms": [
      "Presnel Kimpembe",
      "Kimpembe"
    ]
  },
  {
    "value": "Rachid Ghezzal",
    "synonyms": [
      "Rachid Ghezzal",
      "Ghezzal"
    ]
  },
  {
    "value": "Radja Nainggolan",
    "synonyms": [
      "Radja Nainggolan",
      "Nainggolan"
    ]
  },
  {
    "value": "Rafael",
    "synonyms": [
      "Rafael",
      "Rafael Pereira",
      "Rafael Pereira da Silva"
    ]
  },
  {
    "value": "Rafinha",
    "synonyms": [
      "Rafinha",
      "Márcio Rafael Ferreira de Souza",
      "Marcio Rafael Ferreira da Souza"
    ]
  },
  {
    "value": "Ragnar Klavan",
    "synonyms": [
      "Ragnar Klavan",
      "Klavan"
    ]
  },
  {
    "value": "Raheem Sterling",
    "synonyms": [
      "Raheem Sterling",
      "Sterling"
    ]
  },
  {
    "value": "Raphaël Guerreiro",
    "synonyms": [
      "Raphaël Guerreiro",
      "Raphael Guerreiro",
      "Guerreiro"
    ]
  },
  {
    "value": "Raphaël Varane",
    "synonyms": [
      "Raphaël Varane",
      "Raphael Varane",
      "Varane"
    ]
  },
  {
    "value": "Raúl Albiol",
    "synonyms": [
      "Raúl Albiol",
      "Raul Albiol",
      "Albiol"
    ]
  },
  {
    "value": "Ricardo Rodríguez",
    "synonyms": [
      "Ricardo Rodríguez",
      "Ricardo Rodriguez"
    ]
  },
  {
    "value": "Riccardo Montolivo",
    "synonyms": [
      "Riccardo Montolivo",
      "Montolivo"
    ]
  },
  {
    "value": "Rick Karsdorp",
    "synonyms": [
      "Rick Karsdorp",
      "Karsdorp"
    ]
  },
  {
    "value": "Rob Holding",
    "synonyms": [
      "Rob Holding"
    ]
  },
  {
    "value": "Robert Lewandowski",
    "synonyms": [
      "Robert Lewandowski",
      "Lewandowski"
    ]
  },
  {
    "value": "Roberto Firmino",
    "synonyms": [
      "Roberto Firmino",
      "Fermino"
    ]
  },
  {
    "value": "Roberto Gagliardini",
    "synonyms": [
      "Roberto Gagliardini",
      "Gagliardini"
    ]
  },
  {
    "value": "Rod Fanni",
    "synonyms": [
      "Rod Fanni",
      "Fanni"
    ]
  },
  {
    "value": "Rodrigo Bentancur",
    "synonyms": [
      "Rodrigo Bentancur",
      "Bentancur"
    ]
  },
  {
    "value": "Rolando",
    "synonyms": [
      "Rolando",
      "Rolando Jorge",
      "Rolando Jorge Pires da Fonseca"
    ]
  },
  {
    "value": "Roman Bürki",
    "synonyms": [
      "Roman Bürki",
      "Roman Burki",
      "Burki"
    ]
  },
  {
    "value": "Roman Weidenfeller",
    "synonyms": [
      "Roman Weidenfeller",
      "Weidenfeller"
    ]
  },
  {
    "value": "Romelu Lukaku",
    "synonyms": [
      "Romelu Lukaku",
      "Lukaku"
    ]
  },
  {
    "value": "Ronaldinho",
    "synonyms": [
      "Ronaldinho",
      "Ronaldo de Assis Moreira"
    ]
  },
  {
    "value": "Rony Lopes",
    "synonyms": [
      "Rony Lopes"
    ]
  },
  {
    "value": "Roque Mesa",
    "synonyms": [
      "Roque Mesa"
    ]
  },
  {
    "value": "Ross Barkley",
    "synonyms": [
      "Ross Barkley",
      "Barkley"
    ]
  },
  {
    "value": "Sadio Mané",
    "synonyms": [
      "Sadio Mané",
      "Sadio Mane",
      "Mane"
    ]
  },
  {
    "value": "Sami Khedira",
    "synonyms": [
      "Sami Khedira",
      "Khedira"
    ]
  },
  {
    "value": "Samir Handanovic",
    "synonyms": [
      "Samir Handanovic",
      "Handanovic"
    ]
  },
  {
    "value": "Samuel Umtiti",
    "synonyms": [
      "Samuel Umtiti",
      "Umtiti"
    ]
  },
  {
    "value": "Sandro Ramírez",
    "synonyms": [
      "Sandro Ramírez",
      "Sandro Ramirez"
    ]
  },
  {
    "value": "Sandro Wagner",
    "synonyms": [
      "Sandro Wagner"
    ]
  },
  {
    "value": "Santi Cazorla",
    "synonyms": [
      "Santi Cazorla",
      "Cazorla"
    ]
  },
  {
    "value": "Saúl Ñíguez",
    "synonyms": [
      "Saúl Ñíguez",
      "Saul Niguez",
      "Niguez"
    ]
  },
  {
    "value": "Scott McTominay",
    "synonyms": [
      "Scott McTominay",
      "McTominay"
    ]
  },
  {
    "value": "Sead Kolasinac",
    "synonyms": [
      "Sead Kolasinac",
      "Kolasinac"
    ]
  },
  {
    "value": "Sebastian Rode",
    "synonyms": [
      "Sebastian Rode"
    ]
  },
  {
    "value": "Sebastian Rudy",
    "synonyms": [
      "Sebastian Rudy"
    ]
  },
  {
    "value": "Serge Aurier",
    "synonyms": [
      "Serge Aurier"
    ]
  },
  {
    "value": "Sergi Roberto",
    "synonyms": [
      "Sergi Roberto",
      "Roberto"
    ]
  },
  {
    "value": "Sergi Samper",
    "synonyms": [
      "Sergi Samper",
      "Samper"
    ]
  },
  {
    "value": "Sergio Agüero",
    "synonyms": [
      "Sergio Agüero",
      "Sergio Aguero",
      "Aguero"
    ]
  },
  {
    "value": "Sergio Busquets",
    "synonyms": [
      "Sergio Busquets",
      "Busquets"
    ]
  },
  {
    "value": "Sergio Escudero",
    "synonyms": [
      "Sergio Escudero",
      "Escudero"
    ]
  },
  {
    "value": "Sergio Gómez",
    "synonyms": [
      "Sergio Gómez",
      "Sergio Gomez"
    ]
  },
  {
    "value": "Sergio Ramos",
    "synonyms": [
      "Sergio Ramos",
      "Ramos"
    ]
  },
  {
    "value": "Sergio Rico",
    "synonyms": [
      "Sergio Rico"
    ]
  },
  {
    "value": "Sergio Romero",
    "synonyms": [
      "Sergio Romero",
      "Romero"
    ]
  },
  {
    "value": "Seydou Sy",
    "synonyms": [
      "Seydou Sy"
    ]
  },
  {
    "value": "Shinji Kagawa",
    "synonyms": [
      "Shinji Kagawa",
      "Kagawa"
    ]
  },
  {
    "value": "Shkodran Mustafi",
    "synonyms": [
      "Shkodran Mustafi",
      "Mustafi"
    ]
  },
  {
    "value": "Sime Vrsaljko",
    "synonyms": [
      "Sime Vrsaljko",
      "Vrsaljko"
    ]
  },
  {
    "value": "Simon Kjaer",
    "synonyms": [
      "Simon Kjaer",
      "Kjaer"
    ]
  },
  {
    "value": "Simon Mignolet",
    "synonyms": [
      "Simon Mignolet",
      "Mignolet"
    ]
  },
  {
    "value": "Sokratis",
    "synonyms": [
      "Sokratis",
      "Sokratis Papastathopoulos"
    ]
  },
  {
    "value": "Stefan Savic",
    "synonyms": [
      "Stefan Savic"
    ]
  },
  {
    "value": "Stefano Sturaro",
    "synonyms": [
      "Stefano Sturaro",
      "Sturaro"
    ]
  },
  {
    "value": "Stephan El Shaarawy",
    "synonyms": [
      "Stephan El Shaarawy",
      "El Shaarawy",
      "Shaarawy"
    ]
  },
  {
    "value": "Stephan Lichtsteiner",
    "synonyms": [
      "Stephan Lichtsteiner",
      "Lichsteiner"
    ]
  },
  {
    "value": "Stevan Jovetic",
    "synonyms": [
      "Stevan Jovetic",
      "Jovetic"
    ]
  },
  {
    "value": "Steve Mandanda",
    "synonyms": [
      "Steve Mandanda",
      "Mandanda"
    ]
  },
  {
    "value": "Steven N\u0027Zonzi",
    "synonyms": [
      "Steven N\u0027Zonzi",
      "N\u0027Zonzi",
      "NZonzi"
    ]
  },
  {
    "value": "Suso",
    "synonyms": [
      "Suso",
      "Jesús Joaquín",
      "Jesus Joaquin"
    ]
  },
  {
    "value": "Sven Ulreich",
    "synonyms": [
      "Sven Ulreich",
      "Ulreich"
    ]
  },
  {
    "value": "Sébastien Cibois",
    "synonyms": [
      "Sébastien Cibois",
      "Sebastien Cibois",
      "Cibois"
    ]
  },
  {
    "value": "Sébastien Corchia",
    "synonyms": [
      "Sébastien Corchia",
      "Sebastien Corchia"
    ]
  },
  {
    "value": "Theo Hernández",
    "synonyms": [
      "Theo Hernández",
      "Theo Hernandez"
    ]
  },
  {
    "value": "Thiago",
    "synonyms": [
      "Thiago",
      "Thiago Alcântara",
      "Thiago Alcantara"
    ]
  },
  {
    "value": "Thiago Motta",
    "synonyms": [
      "Thiago Motta",
      "Motta"
    ]
  },
  {
    "value": "Thiago Silva",
    "synonyms": [
      "Thiago Silva"
    ]
  },
  {
    "value": "Thibaut Courtois",
    "synonyms": [
      "Thibaut Courtois",
      "Courtois"
    ]
  },
  {
    "value": "Thomas",
    "synonyms": [
      "Thomas",
      "Thomas Partey",
      "Thomas Teye Partey"
    ]
  },
  {
    "value": "Thomas Lemar",
    "synonyms": [
      "Thomas Lemar",
      "Lemar"
    ]
  },
  {
    "value": "Thomas Meunier",
    "synonyms": [
      "Thomas Meunier",
      "Meunier"
    ]
  },
  {
    "value": "Thomas Müller",
    "synonyms": [
      "Thomas Müller",
      "Thomas Muller",
      "Muller"
    ]
  },
  {
    "value": "Thomas Vermaelen",
    "synonyms": [
      "Thomas Vermaelen",
      "Vermaelen"
    ]
  },
  {
    "value": "Tiemoué Bakayoko",
    "synonyms": [
      "Tiemoué Bakayoko",
      "Tiemoue Bakayoko",
      "Bakayoko"
    ]
  },
  {
    "value": "Toby Alderweireld",
    "synonyms": [
      "Toby Alderweireld",
      "Alderweireld"
    ]
  },
  {
    "value": "Tom Starke",
    "synonyms": [
      "Tom Starke",
      "Starke"
    ]
  },
  {
    "value": "Tommaso Berni",
    "synonyms": [
      "Tommaso Berni"
    ]
  },
  {
    "value": "Toni Kroos",
    "synonyms": [
      "Toni Kroos",
      "Kroos"
    ]
  },
  {
    "value": "Trent Alexander-Arnold",
    "synonyms": [
      "Trent Alexander-Arnold",
      "Trent Alexander Arnold",
      "Alexander Arnold"
    ]
  },
  {
    "value": "Valère Germain",
    "synonyms": [
      "Valère Germain",
      "Valere Germain",
      "Germain"
    ]
  },
  {
    "value": "Victor Lindelöf",
    "synonyms": [
      "Victor Lindelöf",
      "Victor Lindelof",
      "Lindelof"
    ]
  },
  {
    "value": "Victor Moses",
    "synonyms": [
      "Victor Moses"
    ]
  },
  {
    "value": "Victor Wanyama",
    "synonyms": [
      "Victor Wanyama",
      "Wanyama"
    ]
  },
  {
    "value": "Vincent Kompany",
    "synonyms": [
      "Vincent Kompany",
      "Kompany"
    ]
  },
  {
    "value": "Virgil van Dijk",
    "synonyms": [
      "Virgil van Dijk",
      "van Dijk",
      "Dijk"
    ]
  },
  {
    "value": "Vitolo",
    "synonyms": [
      "Vitolo",
      "Víctor Machín Pérez",
      "Victor Machin Perez"
    ]
  },
  {
    "value": "Vlad Chiriches",
    "synonyms": [
      "Vlad Chiriches",
      "Chiriches"
    ]
  },
  {
    "value": "Wallace Oliveira",
    "synonyms": [
      "Wallace Oliveira"
    ]
  },
  {
    "value": "Wayne Rooney",
    "synonyms": [
      "Wayne Rooney",
      "Rooney",
      "Wayne Mark Rooney"
    ]
  },
  {
    "value": "Willian",
    "synonyms": [
      "Willian",
      "Willian Borges",
      "Willian Borges da Silva"
    ]
  },
  {
    "value": "Willy Caballero",
    "synonyms": [
      "Willy Caballero",
      "Caballero"
    ]
  },
  {
    "value": "Wissam Ben Yedder",
    "synonyms": [
      "Wissam Ben Yedder",
      "Ben Yedder",
      "Yedder"
    ]
  },
  {
    "value": "Wojciech Szczesny",
    "synonyms": [
      "Wojciech Szczesny",
      "Szczesny"
    ]
  },
  {
    "value": "Xherdan Shaqiri",
    "synonyms": [
      "Xherdan Shaqiri",
      "Shaqiri"
    ]
  },
  {
    "value": "Yann Karamoh",
    "synonyms": [
      "Yann Karamoh",
      "Karamoh"
    ]
  },
  {
    "value": "Yannick Carrasco",
    "synonyms": [
      "Yannick Carrasco",
      "Yannick Ferreira Carrasco",
      "Carrasco"
    ]
  },
  {
    "value": "Yaya Touré",
    "synonyms": [
      "Yaya Touré",
      "Yaya Toure",
      "Toure"
    ]
  },
  {
    "value": "Yerry Mina",
    "synonyms": [
      "Yerry Mina"
    ]
  },
  {
    "value": "Yohann Pelé",
    "synonyms": [
      "Yohann Pelé",
      "Yohann Pele"
    ]
  },
  {
    "value": "Youri Tielemans",
    "synonyms": [
      "Youri Tielemans",
      "Tielemans"
    ]
  },
  {
    "value": "Yuri Berchiche",
    "synonyms": [
      "Yuri Berchiche",
      "Berchiche"
    ]
  },
  {
    "value": "Yusuf Sari",
    "synonyms": [
      "Yusuf Sari"
    ]
  },
  {
    "value": "Zinedine Zidane",
    "synonyms": [
      "Zinedine Zidane",
      "Zidane"
    ]
  },
  {
    "value": "Zinédine Machach",
    "synonyms": [
      "Zinédine Machach",
      "Zinedine Machach",
      "Machach"
    ]
  },
  {
    "value": "Zlatan Ibrahimovic",
    "synonyms": [
      "Zlatan Ibrahimovic",
      "Ibra",
      "Ibrahimovic"
    ]
  },
  {
    "value": "Ádám Bogdán",
    "synonyms": [
      "Ádám Bogdán",
      "Adam Bogdan",
      "Bogdan"
    ]
  },
  {
    "value": "Álvaro Morata",
    "synonyms": [
      "Álvaro Morata",
      "Alvaro Morata",
      "Morata"
    ]
  },
  {
    "value": "Ángel Correa",
    "synonyms": [
      "Ángel Correa",
      "Angel Correa",
      "Correa"
    ]
  },
  {
    "value": "Ángel Di María",
    "synonyms": [
      "Ángel Di María",
      "Angel Di Maria",
      "Di Maria"
    ]
  },
  {
    "value": "Éder",
    "synonyms": [
      "Éder",
      "Eder",
      "Ederzito António",
      "Ederzito Antonio",
      "Ederzito António Macedo Lopes",
      "Ederzito Antonio Macedo Lopes"
    ]
  },
  {
    "value": "Érik Lamela",
    "synonyms": [
      "Érik Lamela",
      "Erik Lamela",
      "Lamela"
    ]
  },
  {
    "value": "Éver Banega",
    "synonyms": [
      "Éver Banega",
      "Ever Banega",
      "Banega"
    ]
  },
  {
    "value": "Ömer Toprak",
    "synonyms": [
      "Ömer Toprak",
      "Omer Toprak",
      "Toprak"
    ]
  }
]