[
  {
    "value": "Cristiano Ronaldo",
    "synonyms": [
      "Cristiano Ronaldo",
      "Ronaldo",
      "Cristiano",
      "Cristiano Ronaldo dos Santos Aveiro"
    ]
  },
  {
    "value": "Lionel Messi",
    "synonyms": [
      "Lionel Messi",
      "Lionel",
      "Messi",
      "Lionel Andrés Messi Cuccittini"
    ]
  },
  {
    "value": "Neymar",
    "synonyms": [
      "Neymar",
      "Neymar da Silva Santos Júnior"
    ]
  },
  {
    "value": "Gareth Bale",
    "synonyms": [
      "Gareth Bale",
      "Gareth",
      "Bale",
      "Gareth Frank Bale"
    ]
  },
  {
    "value": "Luis Suárez",
    "synonyms": [
      "Luis Suárez",
      "Suárez",
      "Luis Alberto Suárez Díaz"
    ]
  },
  {
    "value": "Karim Benzema",
    "synonyms": [
      "Karim Benzema",
      "Benzema",
      "Karim Mostafa Benzema"
    ]
  },
  {
    "value": "Sergio Ramos",
    "synonyms": [
      "Sergio Ramos",
      "Ramos",
      "Sergio Ramos García"
    ]
  },
  {
    "value": "Andrés Iniesta",
    "synonyms": [
      "Andrés Iniesta",
      "Iniesta",
      "Andrés Iniesta Luján"
    ]
  },
  {
    "value": "Zinedine Zidane",
    "synonyms": [
      "Zinedine Zidane",
      "Zidane",
      "Zinedine Yazid Zidane"
    ]
  },
  {
    "value": "Ronaldinho",
    "synonyms": [
      "Ronaldinho",
      "Ronaldo de Assis Moreira"
    ]
  },
  {
    "value": "Marcelo",
    "synonyms": [
      "Marcelo",
      "Marcelo Vieira da Silva Júnior"
    ]
  },
  {
    "value": "Paulo Dybala",
    "synonyms": [
      "Paulo Dybala",
      "Dybala",
      "Paulo Bruno Exequiel Dybala"
    ]
  },
  {
    "value": "Zlatan Ibrahimović",
    "synonyms": [
      "Zlatan Ibrahimović",
      "Zlatan",
      "Ibrahimović"
    ]
  },
  {
    "value": "Keylor Navas",
    "synonyms": [
      "Keylor Navas",
      "Navas",
      "Keylor Antonio Navas Gamboa"
    ]
  },
  {
    "value": "Marco Asensio",
    "synonyms": [
      "Marco Asensio",
      "Asensio",
      "Marco Asensio Willemsen"
    ]
  },
  {
    "value": "Isco",
    "synonyms": [
      "Isco",
      "Francisco Román Alarcón Suárez"
    ]
  },
  {
    "value": "Luka Modrić",
    "synonyms": [
      "Luka Modrić",
      "Modrić"
    ]
  },
  {
    "value": "Toni Kroos",
    "synonyms": [
      "Toni Kroos",
      "Kroos"
    ]
  },
  {
    "value": "Casemiro",
    "synonyms": [
      "Casemiro",
      "Carlos Henrique Casimiro"
    ]
  },
  {
    "value": "Raphaël Varane",
    "synonyms": [
      "Raphaël Varane",
      "Varane",
      "Raphaël Xavier Varane"
    ]
  },
  {
    "value": "Mateo Kovačić",
    "synonyms": [
      "Mateo Kovačić",
      "Kovačić"
    ]
  },
  {
    "value": "Lucas Vázquez",
    "synonyms": [
      "Lucas Vázquez",
      "Vázquez",
      "Lucas Vázquez Iglesias"
    ]
  },
  {
    "value": "Nacho",
    "synonyms": [
      "Nacho",
      "José Ignacio Fernández Iglesias"
    ]
  },
  {
    "value": "Carvajal",
    "synonyms": [
      "Carvajal",
      "Dani Carvajal",
      "Daniel \"Dani\" Carvajal Ramos"
    ]
  },
  {
    "value": "Kiko Casilla",
    "synonyms": [
      "Kiko Casilla",
      "Francisco \"Kiko\" Casilla Cortés",
      "Casilla"
    ]
  },
  {
    "value": "Philippe Coutinho",
    "synonyms": [
      "Philippe Coutinho",
      "Coutinho",
      "Philippe Coutinho Correia"
    ]
  },
  {
    "value": "Ousmane Dembélé",
    "synonyms": [
      "Ousmane Dembélé",
      "Ousmane",
      "Dembélé"
    ]
  },
  {
    "value": "Gerard Piqué",
    "synonyms": [
      "Gerard Piqué",
      "Piqué",
      "Gerard Piqué Bernabéu"
    ]
  },
  {
    "value": "Paulinho",
    "synonyms": [
      "Paulinho",
      "José Paulo Bezerra Maciel Júnior"
    ]
  },
  {
    "value": "Samuel Umtiti",
    "synonyms": [
      "Samuel Umtiti",
      "Umtiti",
      "Samuel Yves Umtiti"
    ]
  },
  {
    "value": "André Gomes",
    "synonyms": [
      "André Gomes",
      "Gomes",
      "André Filipe Tavares Gomes"
    ]
  },
  {
    "value": "Marc-André ter Stegen",
    "synonyms": [
      "Marc-André ter Stegen",
      "ter Stegen"
    ]
  },
  {
    "value": "Sergio Busquets",
    "synonyms": [
      "Sergio Busquets",
      "Busquets",
      "Sergio Busquets Burgos"
    ]
  },
  {
    "value": "Ivan Rakitić",
    "synonyms": [
      "Ivan Rakitić",
      "Rakitić"
    ]
  },
  {
    "value": "Sergi Roberto",
    "synonyms": [
      "Sergi Roberto",
      "Roberto",
      "Sergi Roberto Carnicer"
    ]
  },
  {
    "value": "Denis Suárez",
    "synonyms": [
      "Denis Suárez",
      "Denis Suárez Fernández"
    ]
  },
  {
    "value": "Jordi Alba",
    "synonyms": [
      "Jordi Alba",
      "Jordi Alba Ramos"
    ]
  },
  {
    "value": "Lucas Digne",
    "synonyms": [
      "Lucas Digne"
    ]
  },
  {
    "value": "Kylian Mbappé",
    "synonyms": [
      "Kylian Mbappé",
      "Mbappé",
      "Kylian Mbappé Lottin"
    ]
  },
  {
    "value": "Edinson Cavani",
    "synonyms": [
      "Edinson Cavani",
      "Cavani",
      "Edinson Roberto Cavani Gómez"
    ]
  },
  {
    "value": "Ángel Di María",
    "synonyms": [
      "Ángel Di María",
      "Di María",
      "Ángel Fabián Di María Hernández"
    ]
  },
  {
    "value": "Marco Verratti",
    "synonyms": [
      "Marco Verratti",
      "Verratti"
    ]
  },
  {
    "value": "Dani Alves",
    "synonyms": [
      "Dani Alves",
      "Alves",
      "Daniel Alves da Silva"
    ]
  },
  {
    "value": "Javier Pastore",
    "synonyms": [
      "Javier Pastore",
      "Pastore",
      "Javier Matías Pastore"
    ]
  },
  {
    "value": "Julian Draxler",
    "synonyms": [
      "Julian Draxler",
      "Draxler"
    ]
  },
  {
    "value": "Thiago Silva",
    "synonyms": [
      "Thiago Silva",
      "Thiago Emiliano da Silva"
    ]
  },
  {
    "value": "Adrien Rabiot",
    "synonyms": [
      "Adrien Rabiot",
      "Rabiot"
    ]
  },
  {
    "value": "Thiago Motta",
    "synonyms": [
      "Thiago Motta",
      "Motta"
    ]
  },
  {
    "value": "Marquinhos",
    "synonyms": [
      "Marquinhos",
      "Marcos Aoás Corrêa"
    ]
  },
  {
    "value": "Buffon",
    "synonyms": [
      "Buffon",
      "Gianluigi Buffon",
      "Gigi Buffon",
      "Gianluigi \"Gigi\" Buffon"
    ]
  },
  {
    "value": "Higuain",
    "synonyms": [
      "Higuain",
      "Gonzalo Higuaín",
      "Gonzalo Gerardo Higuaín"
    ]
  },
  {
    "value": "Mario Mandžukić",
    "synonyms": [
      "Mario Mandžukić",
      "Mandžukić"
    ]
  },
  {
    "value": "Chiellini",
    "synonyms": [
      "Chiellini",
      "Giorgio Chiellini"
    ]
  },
  {
    "value": "Reus",
    "synonyms": [
      "Reus",
      "Marco Reus"
    ]
  },
  {
    "value": "Pierre-Emerick Aubameyang",
    "synonyms": [
      "Pierre-Emerick Aubameyang",
      "Aubameyang",
      "Pierre-Emerick Emiliano François Aubameyang"
    ]
  },
  {
    "value": "Mats Hummels",
    "synonyms": [
      "Mats Hummels",
      "Hummels",
      "Mats Julian Hummels"
    ]
  },
  {
    "value": "Robert Lewandowski",
    "synonyms": [
      "Robert Lewandowski",
      "Lewandowski"
    ]
  },
  {
    "value": "Thomas Müller",
    "synonyms": [
      "Thomas Müller",
      "Müller"
    ]
  },
  {
    "value": "Mesut Özil",
    "synonyms": [
      "Mesut Özil",
      "Özil"
    ]
  },
  {
    "value": "İlkay Gündoğan",
    "synonyms": [
      "İlkay Gündoğan",
      "Gündoğan"
    ]
  },
  {
    "value": "Manuel Neuer",
    "synonyms": [
      "Manuel Neuer",
      "Neuer",
      "Manuel Peter Neuer"
    ]
  },
  {
    "value": "Marcel Schmelzer",
    "synonyms": [
      "Marcel Schmelzer",
      "Schmelzer"
    ]
  },
  {
    "value": "Shinji Kagawa",
    "synonyms": [
      "Shinji Kagawa",
      "Kagawa"
    ]
  },
  {
    "value": "Mkhitaryan",
    "synonyms": [
      "Mkhitaryan",
      "Henrikh Mkhitaryan"
    ]
  },
  {
    "value": "Philipp Lahm",
    "synonyms": [
      "Philipp Lahm",
      "Lahm"
    ]
  },
  {
    "value": "Łukasz Piszczek",
    "synonyms": [
      "Łukasz Piszczek",
      "Piszczek"
    ]
  },
  {
    "value": "Sami Khedira",
    "synonyms": [
      "Sami Khedira",
      "Khedira"
    ]
  }
]