[
  {
    "value": "Bilbao",
    "synonyms": [
      "Bilbao",
      "Athletic Club",
      "Athletic Bilbao",
      "Athletic",
      "ATH",
      "BIL"
    ]
  },
  {
    "value": "Bremen",
    "synonyms": [
      "Bremen",
      "Werder Bremen",
      "SVW"
    ]
  },
  {
    "value": "Bayern Munich",
    "synonyms": [
      "Bayern Munich",
      "Bayern",
      "FC Bayern Munich",
      "FC Bayern München",
      "BAY"
    ]
  },
  {
    "value": "Hamburger SV",
    "synonyms": [
      "Hamburger SV",
      "Hamburger",
      "HSV"
    ]
  },
  {
    "value": "Getafe",
    "synonyms": [
      "Getafe",
      "Getafe CF",
      "FCG"
    ]
  },
  {
    "value": "Angers",
    "synonyms": [
      "Angers",
      "Angers SCO",
      "SCO"
    ]
  },
  {
    "value": "Brighton",
    "synonyms": [
      "Brighton",
      "Brighton \u0026 Hove Albion",
      "BHAFC"
    ]
  },
  {
    "value": "Crotone",
    "synonyms": [
      "Crotone",
      "FC Crotone",
      "CRO"
    ]
  },
  {
    "value": "Bologna",
    "synonyms": [
      "Bologna",
      "Bologna FC",
      "BOL"
    ]
  },
  {
    "value": "Burnley",
    "synonyms": [
      "Burnley",
      "Burnley FC",
      "BFC"
    ]
  },
  {
    "value": "Frankfurt",
    "synonyms": [
      "Frankfurt",
      "Eintracht Frankfurt",
      "SGE"
    ]
  },
  {
    "value": "Genoa",
    "synonyms": [
      "Genoa",
      "Genoa CFC",
      "GEN"
    ]
  },
  {
    "value": "Caen",
    "synonyms": [
      "Caen",
      "SM Caen",
      "SMC"
    ]
  },
  {
    "value": "Espanyol",
    "synonyms": [
      "Espanyol",
      "RCD Espanyol",
      "ESP"
    ]
  },
  {
    "value": "Bordeaux",
    "synonyms": [
      "Bordeaux",
      "FC Girondins de Bordeaux",
      "GdB"
    ]
  },
  {
    "value": "Everton",
    "synonyms": [
      "Everton",
      "Everton FC",
      "EFC"
    ]
  },
  {
    "value": "Juventus",
    "synonyms": [
      "Juventus",
      "Juve",
      "JUV",
      "Juventus Turin"
    ]
  },
  {
    "value": "Malaga",
    "synonyms": [
      "Málaga",
      "Málaga CF",
      "MAL",
      "Malaga",
      "Malaga CF"
    ]
  },
  {
    "value": "Lille",
    "synonyms": [
      "Lille",
      "OSC Lille",
      "LOSC"
    ]
  },
  {
    "value": "Augsburg",
    "synonyms": [
      "Augsburg",
      "FC Augsburg",
      "FCA"
    ]
  },
  {
    "value": "Mainz",
    "synonyms": [
      "Mainz",
      "FSV Mainz 05",
      "FSV Mainz",
      "M05"
    ]
  },
  {
    "value": "Deportivo Alaves",
    "synonyms": [
      "Deportivo Alavés",
      "Alavés",
      "ALA",
      "Alaves",
      "Deportivo Alaves"
    ]
  },
  {
    "value": "Freiburg",
    "synonyms": [
      "Freiburg",
      "SC Freiburg",
      "SCF"
    ]
  },
  {
    "value": "Girona",
    "synonyms": [
      "Girona",
      "Girona FC",
      "GFC"
    ]
  },
  {
    "value": "Las Palmas",
    "synonyms": [
      "Las Palmas",
      "UD Las Palmas",
      "LPA"
    ]
  },
  {
    "value": "Leganes",
    "synonyms": [
      "Leganes",
      "CD Leganes",
      "LEG"
    ]
  },
  {
    "value": "Ferrara",
    "synonyms": [
      "Ferrara",
      "SPAL Ferrara",
      "SPA",
      "SPAL"
    ]
  },
  {
    "value": "Hoffenheim",
    "synonyms": [
      "Hoffenheim",
      "TSG 1899 Hoffenheim",
      "TSG"
    ]
  },
  {
    "value": "Marseille",
    "synonyms": [
      "Marseille",
      "Olympique de Marseille",
      "OM"
    ]
  },
  {
    "value": "Deportivo La Coruna",
    "synonyms": [
      "Deportivo",
      "RC Deportivo La Coruna",
      "LAC",
      "Deportivo La Coruna"
    ]
  },
  {
    "value": "Dijon",
    "synonyms": [
      "Dijon",
      "Dijon FCO",
      "DFCO"
    ]
  },
  {
    "value": "Internazionale Milano",
    "synonyms": [
      "Inter",
      "Inter Milan",
      "FC Internazionale Milano",
      "INT",
      "Internazionale",
      "Internazionale Milano"
    ]
  },
  {
    "value": "Lazio",
    "synonyms": [
      "Lazio",
      "SS Lazio",
      "LAZ"
    ]
  },
  {
    "value": "Leipzig",
    "synonyms": [
      "Leipzig",
      "Red Bull Leipzig",
      "RBL"
    ]
  },
  {
    "value": "Manchester City",
    "synonyms": [
      "Manchester City",
      "City",
      "Manchester City F.C.",
      "Man City",
      "MCFC"
    ]
  },
  {
    "value": "Bournemouth",
    "synonyms": [
      "Bournemouth",
      "AFC Bournemouth",
      "AFCB"
    ]
  },
  {
    "value": "Arsenal",
    "synonyms": [
      "Arsenal",
      "Arsenal F.C.",
      "AFC"
    ]
  },
  {
    "value": "Amiens",
    "synonyms": [
      "Amiens",
      "Amiens SC",
      "ASC"
    ]
  },
  {
    "value": "Atalanta",
    "synonyms": [
      "Atalanta",
      "Atalanta BC",
      "ATA"
    ]
  },
  {
    "value": "Atletico Madrid",
    "synonyms": [
      "Atlético Madrid",
      "Atlético",
      "Club Atlético de Madrid",
      "ATM",
      "Atletico",
      "Atletico Madrid"
    ]
  },
  {
    "value": "Hannover",
    "synonyms": [
      "Hannover",
      "Hannover 96",
      "H96"
    ]
  },
  {
    "value": "Huddersfield",
    "synonyms": [
      "Huddersfield",
      "Huddersfield Town",
      "HTAFC"
    ]
  },
  {
    "value": "Gladbach",
    "synonyms": [
      "Gladbach",
      "Borussia Mönchengladbach",
      "BMG"
    ]
  },
  {
    "value": "Barcelona",
    "synonyms": [
      "Barcelona",
      "Barca",
      "Barça",
      "FC Barcelona",
      "FCB"
    ]
  },
  {
    "value": "Borussia Dortmund",
    "synonyms": [
      "Borussia Dortmund",
      "Dortmund",
      "Borussia",
      "BVB"
    ]
  },
  {
    "value": "Guingamp",
    "synonyms": [
      "Guingamp",
      "EA Guingamp",
      "EAG"
    ]
  },
  {
    "value": "Hellas Verona",
    "synonyms": [
      "Verona",
      "H. Verona",
      "Hellas Verona FC",
      "Hellas",
      "Hellas Verona"
    ]
  },
  {
    "value": "FC Koln",
    "synonyms": [
      "Köln",
      "FC Köln",
      "EFFZEH",
      "Koln",
      "FC Koln"
    ]
  },
  {
    "value": "Leicester City",
    "synonyms": [
      "Leicester City",
      "Foxes",
      "Leicester City FC",
      "LCFC"
    ]
  },
  {
    "value": "Levante",
    "synonyms": [
      "Levante",
      "Levante UD",
      "LUD"
    ]
  },
  {
    "value": "Leverkusen",
    "synonyms": [
      "Leverkusen",
      "Bayer Leverkusen",
      "B04",
      "Bayer 04 Leverkusen"
    ]
  },
  {
    "value": "Lyon",
    "synonyms": [
      "Lyon",
      "Olympique Lyonnais",
      "OLY"
    ]
  },
  {
    "value": "Cagliari",
    "synonyms": [
      "Cagliari",
      "Cagliari Calcio",
      "CAG"
    ]
  },
  {
    "value": "Chievo Verona",
    "synonyms": [
      "Chievo",
      "AC Chievo Verona",
      "CHI"
    ]
  },
  {
    "value": "Eibar",
    "synonyms": [
      "Eibar",
      "SD Eibar",
      "EIB"
    ]
  },
  {
    "value": "Fiorentina",
    "synonyms": [
      "Fiorentina",
      "ACF Fiorentina",
      "FIO"
    ]
  },
  {
    "value": "Manchester United",
    "synonyms": [
      "Manchester United",
      "United",
      "Manchester United F.C.",
      "MUFC",
      "Man U"
    ]
  },
  {
    "value": "Chelsea",
    "synonyms": [
      "Chelsea",
      "Chelsea F.C.",
      "CFC"
    ]
  },
  {
    "value": "Crystal Palace",
    "synonyms": [
      "Crystal Palace",
      "Crystal",
      "Crystal Palace FC",
      "CRY"
    ]
  },
  {
    "value": "Hertha",
    "synonyms": [
      "Hertha",
      "Hertha BSC",
      "BSC"
    ]
  },
  {
    "value": "AC Milan",
    "synonyms": [
      "A.C. Milan",
      "Milan",
      "ACM",
      "AC Milan"
    ]
  },
  {
    "value": "Benevento",
    "synonyms": [
      "Benevento",
      "Benevento Calcio",
      "BEN"
    ]
  },
  {
    "value": "Celta Vigo",
    "synonyms": [
      "Celta Vigo",
      "RC Celta de Vigo",
      "CEL",
      "VIG"
    ]
  },
  {
    "value": "Liverpool",
    "synonyms": [
      "Liverpool",
      "Liverpool F.C.",
      "LFC"
    ]
  },
  {
    "value": "Nantes",
    "synonyms": [
      "Nantes",
      "FC Nantes",
      "FCN"
    ]
  },
  {
    "value": "Napoli",
    "synonyms": [
      "Napoli",
      "SSC Napoli",
      "NAP"
    ]
  },
  {
    "value": "Sassuolo",
    "synonyms": [
      "Sassuolo",
      "US Sassuolo Calcio",
      "SAS"
    ]
  },
  {
    "value": "Sampdoria",
    "synonyms": [
      "Sampdoria",
      "UC Sampdoria",
      "SAM"
    ]
  },
  {
    "value": "Rennes",
    "synonyms": [
      "Rennes",
      "Stade Rennais FC",
      "Rennais",
      "REN"
    ]
  },
  {
    "value": "Stoke City",
    "synonyms": [
      "Stoke City",
      "Stoke",
      "Stoke City FC",
      "SCFC"
    ]
  },
  {
    "value": "Villarreal",
    "synonyms": [
      "VCF",
      "Villarreal",
      "Villarreal CF"
    ]
  },
  {
    "value": "West Ham",
    "synonyms": [
      "West Ham",
      "West Ham United FC",
      "WHU"
    ]
  },
  {
    "value": "Nice",
    "synonyms": [
      "Nice",
      "OGC Nice",
      "NIC"
    ]
  },
  {
    "value": "Roma",
    "synonyms": [
      "Roma",
      "A.S. Roma",
      "ROM"
    ]
  },
  {
    "value": "PSG",
    "synonyms": [
      "PSG",
      "Paris Saint-Germain",
      "Paris Saint-Germain F.C."
    ]
  },
  {
    "value": "Wolfsburg",
    "synonyms": [
      "Wolfsburg",
      "VfL Wolfsburg",
      "WOB"
    ]
  },
  {
    "value": "St. Etienne",
    "synonyms": [
      "St. Etienne",
      "AS Saint-Étienne",
      "ETI",
      "ASSE",
      "Saint Etienne",
      "AS Saint Etienne"
    ]
  },
  {
    "value": "Schalke",
    "synonyms": [
      "Schalke",
      "FC Schalke 04",
      "S04"
    ]
  },
  {
    "value": "Real Madrid",
    "synonyms": [
      "Real Madrid",
      "Madrid",
      "Real Madrid C.F.",
      "MAD",
      "RM"
    ]
  },
  {
    "value": "Tottenham Hotspur",
    "synonyms": [
      "Tottenham Hotspur",
      "Spurs",
      "Tottenham",
      "Tottenham Hotspur F.C.",
      "THFC"
    ]
  },
  {
    "value": "Real Betis",
    "synonyms": [
      "Real Betis",
      "Betis",
      "BET"
    ]
  },
  {
    "value": "Strasbourg",
    "synonyms": [
      "Strasbourg",
      "RC Strasbourg Alsace",
      "RCSA"
    ]
  },
  {
    "value": "Troyes",
    "synonyms": [
      "Troyes",
      "ES Troyes AC",
      "ESTAC"
    ]
  },
  {
    "value": "Valencia",
    "synonyms": [
      "Valencia",
      "Valencia CF",
      "VAL"
    ]
  },
  {
    "value": "Swansea",
    "synonyms": [
      "Swansea",
      "Swans",
      "Swansea City FC",
      "SWA"
    ]
  },
  {
    "value": "Torino",
    "synonyms": [
      "Torino",
      "Torino FC",
      "TOR"
    ]
  },
  {
    "value": "Udinese",
    "synonyms": [
      "Udinese",
      "Udinese Calcio",
      "UDI"
    ]
  },
  {
    "value": "Toulouse",
    "synonyms": [
      "Toulouse",
      "Toulouse FC",
      "TOU"
    ]
  },
  {
    "value": "Monaco",
    "synonyms": [
      "Monaco",
      "AS Monaco FC",
      "ASM"
    ]
  },
  {
    "value": "Metz",
    "synonyms": [
      "Metz",
      "FC Metz",
      "FCM"
    ]
  },
  {
    "value": "Newcastle",
    "synonyms": [
      "Newcastle",
      "Newcastle United FC",
      "NUFC"
    ]
  },
  {
    "value": "Sevilla",
    "synonyms": [
      "Sevilla",
      "Sevilla FC",
      "SEV"
    ]
  },
  {
    "value": "Southampton",
    "synonyms": [
      "Southampton",
      "Southampton FC",
      "SFC"
    ]
  },
  {
    "value": "Watford",
    "synonyms": [
      "Watford",
      "Watford FC",
      "WAT"
    ]
  },
  {
    "value": "West Bromwich",
    "synonyms": [
      "West Bromwich Albion FC",
      "WBA",
      "West Bromwich"
    ]
  },
  {
    "value": "Montpellier",
    "synonyms": [
      "Montpellier",
      "Montpellier Hérault SC",
      "MHSC"
    ]
  },
  {
    "value": "Real Sociedad",
    "synonyms": [
      "Real Sociedad",
      "Real Sociedad de Fútbol",
      "RSS"
    ]
  },
  {
    "value": "Stuttgart",
    "synonyms": [
      "Stuttgart",
      "VfB Stuttgart",
      "VFB"
    ]
  },
  {
    "value": "Argentina",
    "synonyms": [
      "Argentina"
    ]
  },
  {
    "value": "Australia",
    "synonyms": [
      "Australia"
    ]
  },
  {
    "value": "Belgium",
    "synonyms": [
      "Belgium"
    ]
  },
  {
    "value": "Brazil",
    "synonyms": [
      "Brazil"
    ]
  },
  {
    "value": "Colombia",
    "synonyms": [
      "Colombia"
    ]
  },
  {
    "value": "Costa Rica",
    "synonyms": [
      "Costa Rica"
    ]
  },
  {
    "value": "Croatia",
    "synonyms": [
      "Croatia"
    ]
  },
  {
    "value": "Denmark",
    "synonyms": [
      "Denmark"
    ]
  },
  {
    "value": "Egypt",
    "synonyms": [
      "Egypt"
    ]
  },
  {
    "value": "England",
    "synonyms": [
      "England"
    ]
  },
  {
    "value": "France",
    "synonyms": [
      "France"
    ]
  },
  {
    "value": "Germany",
    "synonyms": [
      "Germany"
    ]
  },
  {
    "value": "Hungary",
    "synonyms": [
      "Hungary"
    ]
  },
  {
    "value": "Iceland",
    "synonyms": [
      "Iceland"
    ]
  },
  {
    "value": "India",
    "synonyms": [
      "India"
    ]
  },
  {
    "value": "Iran",
    "synonyms": [
      "Iran"
    ]
  },
  {
    "value": "Italy",
    "synonyms": [
      "Italy"
    ]
  },
  {
    "value": "Japan",
    "synonyms": [
      "Japan"
    ]
  },
  {
    "value": "Korea Republic",
    "synonyms": [
      "Korea Republic"
    ]
  },
  {
    "value": "Mexico",
    "synonyms": [
      "Mexico"
    ]
  },
  {
    "value": "Morocco",
    "synonyms": [
      "Morocco"
    ]
  },
  {
    "value": "Nigeria",
    "synonyms": [
      "Nigeria"
    ]
  },
  {
    "value": "Panama",
    "synonyms": [
      "Panama"
    ]
  },
  {
    "value": "Peru",
    "synonyms": [
      "Peru"
    ]
  },
  {
    "value": "Poland",
    "synonyms": [
      "Poland"
    ]
  },
  {
    "value": "Portugal",
    "synonyms": [
      "Portugal"
    ]
  },
  {
    "value": "Russia",
    "synonyms": [
      "Russia"
    ]
  },
  {
    "value": "Saudi Arabia",
    "synonyms": [
      "Saudi Arabia"
    ]
  },
  {
    "value": "Senegal",
    "synonyms": [
      "Senegal"
    ]
  },
  {
    "value": "Serbia",
    "synonyms": [
      "Serbia"
    ]
  },
  {
    "value": "Spain",
    "synonyms": [
      "Spain"
    ]
  },
  {
    "value": "Sweden",
    "synonyms": [
      "Sweden"
    ]
  },
  {
    "value": "Switzerland",
    "synonyms": [
      "Switzerland"
    ]
  },
  {
    "value": "Tunisia",
    "synonyms": [
      "Tunisia"
    ]
  },
  {
    "value": "Uruguay",
    "synonyms": [
      "Uruguay"
    ]
  }
]