[
  {
    "value": "A.C. Milan",
    "synonyms": [
      "A.C. Milan"
    ]
  },
  {
    "value": "Arsenal",
    "synonyms": [
      "Arsenal",
      "Arsenal F.C.",
      "AFC"
    ]
  },
  {
    "value": "Atlético Madrid",
    "synonyms": [
      "Atlético Madrid",
      "Atlético",
      "Club Atlético de Madrid",
      "ATM"
    ]
  },
  {
    "value": "Augsburg",
    "synonyms": [
      "Augsburg",
      "FC Augsburg",
      "FCA"
    ]
  },
  {
    "value": "Barcelona",
    "synonyms": [
      "Barcelona",
      "Barca",
      "Barça",
      "FC Barcelona",
      "FCB"
    ]
  },
  {
    "value": "Bayern Munich",
    "synonyms": [
      "Bayern Munich",
      "Bayern",
      "FC Bayern Munich",
      "FC Bayern München",
      "BAY"
    ]
  },
  {
    "value": "Borussia Dortmund",
    "synonyms": [
      "Borussia Dortmund",
      "Dortmund",
      "Borussia",
      "BVB"
    ]
  },
  {
    "value": "Bournemouth",
    "synonyms": [
      "Bournemouth",
      "AFC Bournemouth",
      "AFCB"
    ]
  },
  {
    "value": "Bremen",
    "synonyms": [
      "Bremen",
      "Werder Bremen",
      "SVW"
    ]
  },
  {
    "value": "Brighton",
    "synonyms": [
      "Brighton",
      "Brighton \u0026 Hove Albion",
      "BHAFC"
    ]
  },
  {
    "value": "Burnley",
    "synonyms": [
      "Burnley",
      "Burnley FC",
      "BFC"
    ]
  },
  {
    "value": "Chelsea",
    "synonyms": [
      "Chelsea",
      "Chelsea F.C.",
      "CFC"
    ]
  },
  {
    "value": "Crystal Palace",
    "synonyms": [
      "Crystal Palace",
      "Crystal",
      "Crystal Palace FC",
      "CRY"
    ]
  },
  {
    "value": "Deportivo",
    "synonyms": [
      "Deportivo",
      "RC Deportivo La Coruna",
      "LAC"
    ]
  },
  {
    "value": "Deportivo Alavés",
    "synonyms": [
      "Deportivo Alavés",
      "Alavés",
      "ALA"
    ]
  },
  {
    "value": "Eibar",
    "synonyms": [
      "Eibar",
      "SD Eibar",
      "EIB"
    ]
  },
  {
    "value": "Espanyol",
    "synonyms": [
      "Espanyol",
      "RCD Espanyol",
      "ESP"
    ]
  },
  {
    "value": "Everton",
    "synonyms": [
      "Everton",
      "Everton FC",
      "EFC"
    ]
  },
  {
    "value": "Frankfurt",
    "synonyms": [
      "Frankfurt",
      "Eintracht Frankfurt",
      "SGE"
    ]
  },
  {
    "value": "Freiburg",
    "synonyms": [
      "Freiburg",
      "SC Freiburg",
      "SCF"
    ]
  },
  {
    "value": "Getafe",
    "synonyms": [
      "Getafe",
      "Getafe CF",
      "FCG"
    ]
  },
  {
    "value": "Girona",
    "synonyms": [
      "Girona",
      "Girona FC",
      "GFC"
    ]
  },
  {
    "value": "Gladbach",
    "synonyms": [
      "Gladbach",
      "Borussia Mönchengladbach",
      "BMG"
    ]
  },
  {
    "value": "Hamburger SV",
    "synonyms": [
      "Hamburger SV",
      "Hamburger",
      "HSV"
    ]
  },
  {
    "value": "Hannover",
    "synonyms": [
      "Hannover",
      "Hannover 96",
      "H96"
    ]
  },
  {
    "value": "Hertha",
    "synonyms": [
      "Hertha",
      "Hertha BSC",
      "BSC"
    ]
  },
  {
    "value": "Hoffenheim",
    "synonyms": [
      "Hoffenheim",
      "TSG 1899 Hoffenheim",
      "TSG"
    ]
  },
  {
    "value": "Huddersfield",
    "synonyms": [
      "Huddersfield",
      "Huddersfield Town",
      "HTAFC"
    ]
  },
  {
    "value": "Juventus",
    "synonyms": [
      "Juventus",
      "Juve"
    ]
  },
  {
    "value": "Köln",
    "synonyms": [
      "Köln",
      "FC Köln",
      "EFFZEH"
    ]
  },
  {
    "value": "Las Palmas",
    "synonyms": [
      "Las Palmas",
      "UD Las Palmas",
      "LPA"
    ]
  },
  {
    "value": "Leganes",
    "synonyms": [
      "Leganes",
      "CD Leganes",
      "LEG"
    ]
  },
  {
    "value": "Leicester City",
    "synonyms": [
      "Leicester City",
      "Foxes",
      "Leicester City FC",
      "LCFC"
    ]
  },
  {
    "value": "Leipzig",
    "synonyms": [
      "Leipzig",
      "Red Bull Leipzig",
      "RBL"
    ]
  },
  {
    "value": "Levante",
    "synonyms": [
      "Levante",
      "Levante UD",
      "LUD"
    ]
  },
  {
    "value": "Leverkusen",
    "synonyms": [
      "Leverkusen",
      "Bayer Leverkusen",
      "B04"
    ]
  },
  {
    "value": "Liverpool",
    "synonyms": [
      "Liverpool",
      "Liverpool F.C.",
      "LFC"
    ]
  },
  {
    "value": "Mainz",
    "synonyms": [
      "Mainz",
      "FSV Mainz 05",
      "FSV Mainz",
      "M05"
    ]
  },
  {
    "value": "Manchester City",
    "synonyms": [
      "Manchester City",
      "City",
      "Manchester City F.C.",
      "Man City",
      "MCFC"
    ]
  },
  {
    "value": "Manchester United",
    "synonyms": [
      "Manchester United",
      "United",
      "Manchester United F.C.",
      "MUFC",
      "Man U"
    ]
  },
  {
    "value": "Málaga",
    "synonyms": [
      "Málaga",
      "Málaga CF",
      "MAL"
    ]
  },
  {
    "value": "Newcastle",
    "synonyms": [
      "Newcastle",
      "Newcastle United FC",
      "NUFC"
    ]
  },
  {
    "value": "PSG",
    "synonyms": [
      "PSG",
      "Paris Saint-Germain",
      "Paris Saint-Germain F.C."
    ]
  },
  {
    "value": "Real Betis",
    "synonyms": [
      "Real Betis",
      "Betis",
      "BET"
    ]
  },
  {
    "value": "Real Madrid",
    "synonyms": [
      "Real Madrid",
      "Madrid",
      "Real Madrid C.F.",
      "MAD"
    ]
  },
  {
    "value": "Real Sociedad",
    "synonyms": [
      "Real Sociedad",
      "Real Sociedad de Fútbol",
      "RSS"
    ]
  },
  {
    "value": "Roma",
    "synonyms": [
      "Roma",
      "A.S. Roma"
    ]
  },
  {
    "value": "Schalke",
    "synonyms": [
      "Schalke",
      "FC Schalke 04",
      "S04"
    ]
  },
  {
    "value": "Sevilla",
    "synonyms": [
      "Sevilla",
      "Sevilla FC",
      "SEV"
    ]
  },
  {
    "value": "Southampton",
    "synonyms": [
      "Southampton",
      "Southampton FC",
      "SFC"
    ]
  },
  {
    "value": "Stoke City",
    "synonyms": [
      "Stoke City",
      "Stoke",
      "Stoke City FC",
      "SCFC"
    ]
  },
  {
    "value": "Stuttgart",
    "synonyms": [
      "Stuttgart",
      "VfB Stuttgart",
      "VFB"
    ]
  },
  {
    "value": "Swansea",
    "synonyms": [
      "Swansea",
      "Swans",
      "Swansea City FC",
      "SWA"
    ]
  },
  {
    "value": "Tottenham Hotspur",
    "synonyms": [
      "Tottenham Hotspur",
      "Spurs",
      "Tottenham",
      "Tottenham Hotspur F.C.",
      "THFC"
    ]
  },
  {
    "value": "Valencia",
    "synonyms": [
      "Valencia",
      "Valencia CF",
      "VAL"
    ]
  },
  {
    "value": "Villareal",
    "synonyms": [
      "Villareal",
      "Villareal CF",
      "VCF"
    ]
  },
  {
    "value": "Watford",
    "synonyms": [
      "Watford",
      "Watford FC",
      "WAT"
    ]
  },
  {
    "value": "Wes Bromwich",
    "synonyms": [
      "Wes Bromwich",
      "West Bromwich Albion FC",
      "WBA"
    ]
  },
  {
    "value": "West Ham",
    "synonyms": [
      "West Ham",
      "West Ham United FC",
      "WHU"
    ]
  },
  {
    "value": "Wolfsburg",
    "synonyms": [
      "Wolfsburg",
      "VfL Wolfsburg",
      "WOB"
    ]
  }
]