[
  {
    "id": "b0f52773-d9bb-4403-8d7a-d50ac4c97eda",
    "data": [
      {
        "text": "Real Madrid",
        "alias": "team1",
        "meta": "@Team",
        "userDefined": false
      },
      {
        "text": " and ",
        "userDefined": false
      },
      {
        "text": "Barcelona",
        "alias": "team2",
        "meta": "@Team",
        "userDefined": false
      }
    ],
    "isTemplate": false,
    "count": 0,
    "updated": 1525510879
  },
  {
    "id": "b4546939-10c7-4d67-b837-0e63e83bff06",
    "data": [
      {
        "text": "Real Madrid",
        "alias": "team1",
        "meta": "@Team",
        "userDefined": false
      },
      {
        "text": " ",
        "userDefined": false
      },
      {
        "text": "Barcelona",
        "alias": "team2",
        "meta": "@Team",
        "userDefined": false
      }
    ],
    "isTemplate": false,
    "count": 0,
    "updated": 1525510879
  },
  {
    "id": "50bab6f9-27db-4ca5-96cc-dcb986954334",
    "data": [
      {
        "text": "Real Madrid",
        "alias": "team1",
        "meta": "@Team",
        "userDefined": false
      },
      {
        "text": " versus ",
        "userDefined": false
      },
      {
        "text": "Barcelona",
        "alias": "team2",
        "meta": "@Team",
        "userDefined": false
      }
    ],
    "isTemplate": false,
    "count": 0,
    "updated": 1525510879
  },
  {
    "id": "1e9b39a1-6879-4632-85d8-6f4985e13d1f",
    "data": [
      {
        "text": "Real Madrid",
        "alias": "team1",
        "meta": "@Team",
        "userDefined": false
      },
      {
        "text": " VS ",
        "userDefined": false
      },
      {
        "text": "Barcelona",
        "alias": "team2",
        "meta": "@Team",
        "userDefined": false
      }
    ],
    "isTemplate": false,
    "count": 0,
    "updated": 1525510879
  },
  {
    "id": "42b49f7d-55ce-49d4-a157-3c368b341b52",
    "data": [
      {
        "text": "Real Madrid",
        "alias": "team1",
        "meta": "@Team",
        "userDefined": false
      }
    ],
    "isTemplate": false,
    "count": 0,
    "updated": 1525510879
  }
]