[
  {
    "id": "8842eb67-fcc3-40a2-8453-fbd1276c9790",
    "data": [
      {
        "text": "Bye FIFA Galaxy",
        "userDefined": false
      }
    ],
    "isTemplate": false,
    "count": 0,
    "updated": 1528571611
  },
  {
    "id": "8fe202ee-9023-4c9a-b13e-e4436ff7aaf1",
    "data": [
      {
        "text": "Bye Bye",
        "userDefined": false
      }
    ],
    "isTemplate": false,
    "count": 0,
    "updated": 1528571611
  },
  {
    "id": "3e1dc22b-ebc4-4fcd-bd09-f2866deba40f",
    "data": [
      {
        "text": "See you next time",
        "userDefined": false
      }
    ],
    "isTemplate": false,
    "count": 0,
    "updated": 1528571611
  },
  {
    "id": "a03ffed6-98e9-47cb-a906-34b27ea03a88",
    "data": [
      {
        "text": "Exit FIFA Galaxy",
        "userDefined": false
      }
    ],
    "isTemplate": false,
    "count": 0,
    "updated": 1528571611
  },
  {
    "id": "9df465c7-c710-4998-b396-1f2e1ed852df",
    "data": [
      {
        "text": "Quit FIFA Galaxy",
        "userDefined": false
      }
    ],
    "isTemplate": false,
    "count": 0,
    "updated": 1528571611
  },
  {
    "id": "95dec07e-977a-4069-b1ab-b0360826f6fc",
    "data": [
      {
        "text": "Close FIFA Galaxy",
        "userDefined": false
      }
    ],
    "isTemplate": false,
    "count": 0,
    "updated": 1528571611
  },
  {
    "id": "79a19f0c-1b07-447b-94a8-062a3ff221da",
    "data": [
      {
        "text": "Close",
        "userDefined": false
      }
    ],
    "isTemplate": false,
    "count": 0,
    "updated": 1528571611
  },
  {
    "id": "8025c916-cc8e-4cc3-a867-2c41e4186f34",
    "data": [
      {
        "text": "That\u0027s all",
        "userDefined": false
      }
    ],
    "isTemplate": false,
    "count": 0,
    "updated": 1528571611
  },
  {
    "id": "7070b412-bdc3-49de-9e37-92bbc2d410a0",
    "data": [
      {
        "text": "Exit",
        "userDefined": false
      }
    ],
    "isTemplate": false,
    "count": 0,
    "updated": 1528571611
  },
  {
    "id": "bbb82f21-0a1b-4fdb-876a-b52dd3160716",
    "data": [
      {
        "text": "Quit",
        "userDefined": false
      }
    ],
    "isTemplate": false,
    "count": 0,
    "updated": 1528571611
  },
  {
    "id": "891bb2ae-c212-47de-a7db-a036dbde4a17",
    "data": [
      {
        "text": "Bye",
        "userDefined": false
      }
    ],
    "isTemplate": false,
    "count": 0,
    "updated": 1528571611
  }
]