[
  {
    "id": "28715580-b21a-4b6c-b3ed-af7560186bdc",
    "data": [
      {
        "text": "Bye FIFA Galaxy",
        "userDefined": false
      }
    ],
    "isTemplate": false,
    "count": 0,
    "updated": 1525343777
  },
  {
    "id": "7b78f5f5-f4b7-4b26-bd99-7ca273b9a8a0",
    "data": [
      {
        "text": "Bye Bye",
        "userDefined": false
      }
    ],
    "isTemplate": false,
    "count": 0,
    "updated": 1525343777
  },
  {
    "id": "4118ba73-9593-47c9-9ecb-927216378502",
    "data": [
      {
        "text": "See you next time",
        "userDefined": false
      }
    ],
    "isTemplate": false,
    "count": 0,
    "updated": 1525343777
  },
  {
    "id": "4f6c259d-8e14-4126-91c8-b0bff4bc6f97",
    "data": [
      {
        "text": "Exit FIFA Galaxy",
        "userDefined": false
      }
    ],
    "isTemplate": false,
    "count": 0,
    "updated": 1525343777
  },
  {
    "id": "0731a118-7da6-461d-bb8b-c326a01d93f5",
    "data": [
      {
        "text": "Quit FIFA Galaxy",
        "userDefined": false
      }
    ],
    "isTemplate": false,
    "count": 0,
    "updated": 1525343777
  },
  {
    "id": "08d7e6ce-9a6c-4d0d-9af8-c6e5c6a99020",
    "data": [
      {
        "text": "Close FIFA Galaxy",
        "userDefined": false
      }
    ],
    "isTemplate": false,
    "count": 0,
    "updated": 1525343777
  },
  {
    "id": "b5e3270b-7931-45ae-aa0b-16872bb9bf25",
    "data": [
      {
        "text": "Close",
        "userDefined": false
      }
    ],
    "isTemplate": false,
    "count": 0,
    "updated": 1525343777
  },
  {
    "id": "7c565d6d-0d7d-40bb-a54f-5ec958c29873",
    "data": [
      {
        "text": "That\u0027s all",
        "userDefined": false
      }
    ],
    "isTemplate": false,
    "count": 0,
    "updated": 1525343777
  },
  {
    "id": "b69ed46e-d4db-4141-b780-a7515d80f799",
    "data": [
      {
        "text": "Exit",
        "userDefined": false
      }
    ],
    "isTemplate": false,
    "count": 0,
    "updated": 1525343777
  },
  {
    "id": "da6770a0-7ee2-4710-939d-c46c8cbf6b61",
    "data": [
      {
        "text": "Quit",
        "userDefined": false
      }
    ],
    "isTemplate": false,
    "count": 0,
    "updated": 1525343777
  },
  {
    "id": "8521d2ad-785b-44cb-8cf2-9e138d462246",
    "data": [
      {
        "text": "Bye",
        "userDefined": false
      }
    ],
    "isTemplate": false,
    "count": 0,
    "updated": 1525343777
  }
]